-- KEYWORDS
INSERT INTO public.keyword (name, can_be_hated) VALUES
( 'Lineman',    false ),
( 'Human',      true ),
( 'Thrower',    false ),
( 'Blitzer',    false ),
( 'Blocker',    false ),
( 'Goblin',     true ),
( 'Orc',        true ),
( 'Big Guy',    false ),
( 'Troll',      true ),
( 'Catcher',    false ),
( 'Beastman',   true ),
( 'Ogre',       true ),
( 'Minotaur',   true ),
( 'Special',    false ),
( 'Dwarf',      true ),
( 'Skaven',     true ),
( 'Elf',        true ),
( 'Runner',     false ),
( 'Gnome',      true ),
( 'Animal',     true ),
( 'Treeman',    true ),
( 'Halfling',   true ),
( 'Spawn',      true ),
( 'Lizardman',  true ),
( 'Undead',     true ),
( 'Zombie',     true ),
( 'Ghoul',      true ),
( 'Wraith',     true ),
( 'Construct',  true ),
( 'Werewolf',   true ),
( 'Yhetee',     true ),
( 'Gnoblar',    true ),
( 'Skeleton',   true ),
( 'Snotling',   true ),
( 'Thrall',     true ),
( 'Vampire',    true ),
( 'Squirrel',   true ),
( 'Snakeman',   true ),
( 'Sprite',     true ),
( 'Dryad',      true ),
( 'Zoat',       true ),
( 'Skink',      true )
;

-- SPECIAL RULE
INSERT INTO public.special_rule (name, description, visible) VALUES
( 'Old World Classic',            null,  true ),
( 'Halfling Thimble Cup',         null,  true ),
( 'Badlands Brawl',               null,  true ),
( 'Favoured of Khorne',           null,  true ),
( 'Favoured of Nurgle',           null,  true ),
( 'Favoured of Tzeentch',         null,  true ),
( 'Favoured of Slaanesh',         null,  true ),
( 'Favoured of Chaos Undivided',  null,  true ),
( 'Worlds Edge Superleague',      null,  true ),
( 'Bribery and Corruption',       null,  true ),
( 'Elven Kingdoms League',        null,  true ),
( 'Underworld Challenge',         null,  true ),
( 'Sylvanian Spotlight',          null,  true ),
( 'Lustrian Superleague',         null,  true ),
( 'Masters of Undeath',           null,  true ),
( 'Low Cost Linemen',             null,  true ),
( 'Vampire Lord',                 null,  true ),
( 'Favoured of Hashut',           null,  true ),
( 'Low Cost Halfling Chef',       null,  false ),
( 'Favoured Of Khorne',           null,  true ),
( 'Apothecary Allowed',           null,  false ),
( 'Brawlin'' Brutes',             null,  true ),
( 'Chaos Clash',                  null,  true ),
( 'Woodland League',              null,  true ),
( 'Team Captain',                 null,  true ),
( 'Swarming',                     null,  true )
;

-- ROSTER
INSERT INTO public.roster (name, reroll_cost, tier) VALUES
( 'Amazon',               60000,  1 ),
( 'Black Orc',            60000,  3 ),
( 'Bretonnian',           60000,  2 ),
( 'Chaos Chosen',         60000,  3 ),
( 'Chaos Dwarf',          70000,  1 ),
( 'Chaos Renegades',      70000,  3 ),
( 'Dark Elf',             50000,  1 ),
( 'Dwarf',                60000,  1 ),
( 'Elven Union',          50000,  2 ),
( 'Gnome',                50000,  4 ),
( 'Goblin',               60000,  4 ),
( 'Halfling',             60000,  4 ),
( 'High Elf',             50000,  1 ),
( 'Human',                50000,  2 ),
( 'Imperial Nobility',    70000,  2 ),
( 'Khorne',               60000,  3 ),
( 'Lizardman',            70000,  1 ),
( 'Necromantic Horror',   70000,  2 ),
( 'Norse',                60000,  1 ),
( 'Nurgle',               60000,  3 ),
( 'Ogre',                 70000,  4 ),
( 'Old World Alliance',   70000,  1 ),
( 'Orc',                  60000,  2 ),
( 'Shambling Undead',     70000,  2 ),
( 'Skaven',               50000,  2 ),
( 'Snotling',             70000,  4 ),
( 'Tomb Kings',           60000,  2 ),
( 'Underworld Denizens',  70000,  1 ),
( 'Vampire',              60000,  2 ),
( 'Wood Elf',             50000,  1 )
;

-- OPTIONAL SPECIAL RULE TO ROSTER
INSERT INTO public.optional_special_rule_to_roster (special_rule_name, roster_name) VALUES
( 'Favoured of Khorne',           'Chaos Chosen' ),
( 'Favoured of Nurgle',           'Chaos Chosen' ),
( 'Favoured of Slaanesh',         'Chaos Chosen' ),
( 'Favoured of Tzeentch',         'Chaos Chosen' ),
( 'Favoured of Hashut',           'Chaos Chosen' ),
( 'Favoured of Chaos Undivided',  'Chaos Chosen' ),
( 'Favoured of Khorne',           'Chaos Renegades' ),
( 'Favoured of Nurgle',           'Chaos Renegades' ),
( 'Favoured of Slaanesh',         'Chaos Renegades' ),
( 'Favoured of Tzeentch',         'Chaos Renegades' ),
( 'Favoured of Hashut',           'Chaos Renegades' ),
( 'Favoured of Chaos Undivided',  'Chaos Renegades' ),
( 'Badlands Brawl',               'Norse' ),
( 'Chaos Clash',                  'Norse' ),
( 'Favoured of Khorne',           'Norse' )
;

-- ROSTER SLOT
INSERT INTO public.roster_slot (roster_name, id, max) VALUES
( 'Amazon',               'EhXb71yetSCMTNB',  16 ),
( 'Amazon',               '5e8hsbhitiVvMtF',  2 ),
( 'Amazon',               'nsiIPzolS3yWBWB',  2 ),
( 'Amazon',               'rp806LNDRqfCXcX',  2 ),
( 'Black Orc',            'WyzjNbDRqYWCSqx',  16 ),
( 'Black Orc',            'GbdQINMFQddWdfB',  6 ),
( 'Black Orc',            '5SZTmXxM7dgdcG1',  1 ),
( 'Bretonnian',           '1KVW3kW6P7AZodW',  16 ),
( 'Bretonnian',           '6Ci8R6njTBvRzr7',  2 ),
( 'Bretonnian',           '6mcyXyxOs7QYN9o',  2 ),
( 'Bretonnian',           'MIeu3luJCvrtOIc',  2 ),
( 'Chaos Chosen',         'HsyQnV06L7CnTdj',  16 ),
( 'Chaos Chosen',         'GjFj308eXnzAZeO',  4 ),
( 'Chaos Chosen',         'AjT4lnbw31kZbWO',  1 ),
( 'Chaos Dwarf',          'mGXB5u0uBDPnmIq',  16 ),
( 'Chaos Dwarf',          'Zs4ehzJxOlBJQkK',  4 ),
( 'Chaos Dwarf',          '2QxLNdKMO3Dvicx',  2 ),
( 'Chaos Dwarf',          'OcW1qBoMV5V16Sa',  2 ),
( 'Chaos Dwarf',          'psdnY9hNwy93jfT',  2 ),
( 'Chaos Dwarf',          'VDbszST79BpelhQ',  1 ),
( 'Chaos Renegades',      'wn4CBYEdFV86K6Z',  16 ),
( 'Chaos Renegades',      'FV16NcQjK96Y9Cl',  1 ),
( 'Chaos Renegades',      '2xaJJSc6JFt0MzF',  1 ),
( 'Chaos Renegades',      '6ktniaqUX3SGiuM',  1 ),
( 'Chaos Renegades',      'IDTO2jgqkZBO44N',  1 ),
( 'Chaos Renegades',      'P7XoFi4pPRAhCX8',  1 ),
( 'Chaos Renegades',      'sfqdIJyrZWXbKs5',  1 ),
( 'Chaos Renegades',      'xkMxkJ7uEscPyAI',  1 ),
( 'Chaos Renegades',      '2W9ROp4nJDkAFOM',  1 ),
( 'Chaos Renegades',      '8xqU9TfxY44Cwl8',  1 ),
( 'Dark Elf',             'OSWrpntUxTVlBP1',  16 ),
( 'Dark Elf',             '4RDkEzbFFcQ01a7',  2 ),
( 'Dark Elf',             '5yjBFNeqQqqodK2',  2 ),
( 'Dark Elf',             'cixIrK6zi2vJbi3',  2 ),
( 'Dark Elf',             'igzQ2xzfqUyHPah',  2 ),
( 'Dwarf',                'nmfQ1s5PR38r3qA',  16 ),
( 'Dwarf',                'KINAYYcIRLUU3Di',  2 ),
( 'Dwarf',                'wAP80U2vfFl1p8C',  2 ),
( 'Dwarf',                '8XvtdiHHuGLnzz6',  2 ),
( 'Dwarf',                'iswPBtPbmp3EDll',  1 ),
( 'Elven Union',          'T8lLE9zHUI3ZqoF',  16 ),
( 'Elven Union',          'AKdDuDoEjWTZ7nb',  2 ),
( 'Elven Union',          'HocPwPjXK2w9wuR',  2 ),
( 'Elven Union',          'K2skBJEfFnZXWNo',  2 ),
( 'Gnome',                'CyDCEk5oOazQHBc',  16 ),
( 'Gnome',                'd8OmwKanuOmKlrK',  2 ),
( 'Gnome',                'UMrKw5cN5r0gJdc',  2 ),
( 'Gnome',                'Wyv9hBC3v18ne2D',  2 ),
( 'Gnome',                'z2qAEDtq7UDLTAM',  2 ),
( 'Goblin',               'SXTGn9P7tuh2F7e',  16 ),
( 'Goblin',               'blg1UISuVPMqM1d',  2 ),
( 'Goblin',               'DhMgroZ9V9dnFr5',  1 ),
( 'Goblin',               'jJysjRJrOHJVSnw',  1 ),
( 'Goblin',               'kcqCAyo7mhyqZEf',  1 ),
( 'Goblin',               'ltKkwvYCjzR6jph',  1 ),
( 'Goblin',               's8HTnEmWc317hrd',  1 ),
( 'Goblin',               'UvGe176TVdytlIW',  1 ),
( 'Halfling',             'f07ZUuHMJBjPn2q',  16 ),
( 'Halfling',             '2NAZRJRRU8hhQuA',  2 ),
( 'Halfling',             'byy2UpsWpW9G64B',  2 ),
( 'Halfling',             'oifldBCIF6MZbXx',  2 ),
( 'High Elf',             'dcDyTqZzr5107W5',  16 ),
( 'High Elf',             'fYfvbtLTNen5sbK',  4 ),
( 'High Elf',             'AqfRbPIO5z2cZnW',  2 ),
( 'High Elf',             'x3bNZKQSMy1wy9v',  2 ),
( 'Human',                'BOcfuWH7nK7uIO6',  16 ),
( 'Human',                'ejZF88iqImSKVW2',  3 ),
( 'Human',                '7WE481WrLKXOcH8',  2 ),
( 'Human',                'BqGxbCXFhNUpP2F',  2 ),
( 'Human',                'mhGdCPcnHLlxzPe',  2 ),
( 'Human',                '54OkokA3Q4E4iRd',  1 ),
( 'Imperial Nobility',    'f6ansYdYuOUIjgY',  16 ),
( 'Imperial Nobility',    'MMnqiutLC0D0fqN',  4 ),
( 'Imperial Nobility',    '4MQmwgSiQyfVIYp',  2 ),
( 'Imperial Nobility',    'ClPvXlxhfQ0a7Qs',  2 ),
( 'Imperial Nobility',    'ZRUqirJ3V18du8V',  1 ),
( 'Khorne',               '35K8YRAe9y6EUT5',  16 ),
( 'Khorne',               'kuc2a3b5hhv5gUy',  4 ),
( 'Khorne',               'sMEZQqIdnnjdYvP',  2 ),
( 'Khorne',               'AngpYEWJF57l8JK',  1 ),
( 'Lizardman',            'bXZAO0SJyZ4gflA',  16 ),
( 'Lizardman',            '85ao4T4hikjPtbE',  6 ),
( 'Lizardman',            'G8pvWkpyZSdtHMy',  2 ),
( 'Lizardman',            'AAmq3rUyS6CzhfG',  1 ),
( 'Necromantic Horror',   'AuHvw60ds7iwuqc',  16 ),
( 'Necromantic Horror',   '60ZWxcT8XDO0mQi',  2 ),
( 'Necromantic Horror',   '7cyxFkwsowDsnsd',  2 ),
( 'Necromantic Horror',   'sJkpqRrGh8Qgdfs',  2 ),
( 'Necromantic Horror',   'WPmwy0ICkvcmGBF',  2 ),
( 'Norse',                '1WttVG1FdDPro4o',  16 ),
( 'Norse',                '0BHi2Cc2aC2vE0s',  2 ),
( 'Norse',                'rA8Jp1NnRhhWLmK',  2 ),
( 'Norse',                'SczE5RTj5zt35Qo',  2 ),
( 'Norse',                'Tin54WNvBFTTey4',  2 ),
( 'Norse',                'ZSXHNvw7xsKj3kd',  1 ),
( 'Nurgle',               'rm7GQ3NVEUO01vY',  16 ),
( 'Nurgle',               'w6SoxY3TYN00qqn',  4 ),
( 'Nurgle',               'H9vkuayBC7DJdUb',  2 ),
( 'Nurgle',               'gME1GC7SgvUHiul',  1 ),
( 'Ogre',                 'qjD67twnvlyIrmj',  16 ),
( 'Ogre',                 'hnOvqsQLuENbPqU',  5 ),
( 'Ogre',                 'ipXqPF3OgcVi741',  1 ),
( 'Old World Alliance',   'FUWcmBzmywWUDlD',  16 ),
( 'Old World Alliance',   'txNFEaXfQIeQUh4',  3 ),
( 'Old World Alliance',   'mBFNTWNTeOIeBvo',  3 ),
( 'Old World Alliance',   '4t9XJsFNRopn2VS',  1 ),
( 'Old World Alliance',   'cutQc6EZANodaMQ',  1 ),
( 'Old World Alliance',   'EpPfKO8KamwZeUd',  1 ),
( 'Old World Alliance',   'fqq7FE9hxTyT80J',  1 ),
( 'Old World Alliance',   'HKZAHTg6rfGg9R8',  1 ),
( 'Old World Alliance',   'qg9fR6dxjWLdj4N',  1 ),
( 'Old World Alliance',   'Uj3c1uD6y1tW7KP',  1 ),
( 'Old World Alliance',   'wTHIiCBTMEbpfHC',  1 ),
( 'Orc',                  'DmEyXU2BZg09yZv',  16 ),
( 'Orc',                  'T34CU6pL4iU8mbH',  4 ),
( 'Orc',                  'PxTamZB7ssvJydU',  2 ),
( 'Orc',                  'qt8uZyonLRgi07z',  2 ),
( 'Orc',                  'UM088IH8nEhc9xH',  2 ),
( 'Orc',                  'EKJGGmtJHWB2DmX',  1 ),
( 'Shambling Undead',     'b2wJYBYExdVe1Np',  16 ),
( 'Shambling Undead',     'Fsh2uJFdWA7fcRN',  2 ),
( 'Shambling Undead',     'p9w9Oz9MrVN9DKp',  2 ),
( 'Shambling Undead',     'UeWQK7WKWSnOcAO',  2 ),
( 'Skaven',               'EsKbB9n6C7x54HO',  16 ),
( 'Skaven',               '6wBgUNHZBv0Hkit',  2 ),
( 'Skaven',               '9zRwLqPokpYo5h0',  2 ),
( 'Skaven',               'Dop0VW1cFszBcLg',  2 ),
( 'Skaven',               'tg4rVGsxlgHdUSg',  1 ),
( 'Snotling',             'mBiRW43ntxWThe6',  16 ),
( 'Snotling',             '2Ysp6C1OxmFh4pn',  2 ),
( 'Snotling',             '6O2zPJSZasRTffn',  2 ),
( 'Snotling',             'FLjFMwKJ3LqLd5k',  2 ),
( 'Snotling',             'kaCmQvYoWqyjiIG',  2 ),
( 'Snotling',             'lHPGPecO1h2q55P',  2 ),
( 'Tomb Kings',           'WopBvCjyB2s4lTe',  16 ),
( 'Tomb Kings',           'ErX6ZjAIYr3Q51u',  4 ),
( 'Tomb Kings',           'mBPE2QKDZxnNF8K',  2 ),
( 'Tomb Kings',           'QVLAPZ8hZtDrAMw',  2 ),
( 'Underworld Denizens',  'NE1qIyQjHktHPLu',  16 ),
( 'Underworld Denizens',  'fA6LJW8zoluqDRw',  6 ),
( 'Underworld Denizens',  'GJDuvQKFZxptNVC',  3 ),
( 'Underworld Denizens',  'dINrhGuvX3DXh9g',  1 ),
( 'Underworld Denizens',  'ftvkYaIBFoSfRqD',  1 ),
( 'Underworld Denizens',  'Nh9TtqZk36rf50s',  1 ),
( 'Underworld Denizens',  'OR9MtHV53HmZMo0',  1 ),
( 'Underworld Denizens',  'uxcrTiu9IUwEz6X',  1 ),
( 'Vampire',              'BwVhkGUj97TBGoq',  16 ),
( 'Vampire',              'o45ebVfYvybtWH3',  2 ),
( 'Vampire',              'UKLAaXqRzui2TJa',  2 ),
( 'Vampire',              'YSeDyCl6tPOJiRC',  2 ),
( 'Vampire',              'uwkr1R7EoBFuvnF',  1 ),
( 'Wood Elf',             'z8pgv5TeNK4Pgs4',  16 ),
( 'Wood Elf',             '8OuTNsEALS7VC1X',  2 ),
( 'Wood Elf',             'CcscgJVQ98vtRv1',  2 ),
( 'Wood Elf',             'oV0Zsucnrm4SbC2',  2 ),
( 'Wood Elf',             'oDrvkrBKDLQnVp2',  1 )
;

-- POSITION
INSERT INTO public."position" (id, name, cost, ma, st, ag, pa, av, "primary", secondary, roster_slot_id) VALUES
( 'FETXHaNhShGJu7F',  'Eagle Warrior',              50000,   6,  3,  3,  4,     8,   1,   18,  'EhXb71yetSCMTNB' ),
( '8jkasnfj4c5LxqF',  'Python Warrior',             80000,   6,  3,  3,  3,     8,   9,   18,  '5e8hsbhitiVvMtF' ),
( 'tsXqtIvZGVc7ygy',  'Piranha Warrior',            90000,   7,  3,  3,  4,     8,   3,   16,  'rp806LNDRqfCXcX' ),
( 'eDKjAMCjDJ9EfJF',  'Jaguar Warrior',             110000,  6,  4,  3,  4,     9,   17,  2,   'nsiIPzolS3yWBWB' ),
( 'pBd56XJUALg6m9N',  'Goblin Bruiser',             45000,   6,  2,  3,  4,     8,   66,  25,  'WyzjNbDRqYWCSqx' ),
( '7Ykuan5dMxOE9V3',  'Black Orc',                  90000,   4,  4,  4,  5,     10,  17,  66,  'GbdQINMFQddWdfB' ),
( 'mRjcoJJzXXTHsvS',  'Trained Troll',              115000,  4,  5,  5,  5,     10,  16,  11,  '5SZTmXxM7dgdcG1' ),
( 'UgQ48CzayfFqctL',  'Bretonnian Squire',          50000,   6,  3,  3,  4,     8,   1,   18,  '1KVW3kW6P7AZodW' ),
( 'UvDA7kethNfv2mp',  'Bretonnian Knight Catcher',  85000,   7,  3,  3,  4,     9,   3,   16,  '6mcyXyxOs7QYN9o' ),
( 'Al2fyIbFkOquaWY',  'Bretonnian Knight Thrower',  80000,   6,  3,  3,  3,     9,   9,   18,  '6Ci8R6njTBvRzr7' ),
( 'H8ykeEdo7FDadz1',  'Grail Knight',               95000,   7,  3,  3,  4,     10,  17,  2,   'MIeu3luJCvrtOIc' ),
( 'BjRwwYH5KHYpA5V',  'Beastman Lineman',           55000,   6,  3,  3,  3,     9,   5,   90,  'HsyQnV06L7CnTdj' ),
( 'iSEZ5LLgOPqJVxj',  'Chosen Chosen',              100000,  5,  4,  3,  5,     10,  21,  66,  'GjFj308eXnzAZeO' ),
( 'ZSFMI4vgKiRwGoK',  'Troll',                      115000,  4,  5,  5,  5,     10,  20,  11,  'AjT4lnbw31kZbWO' ),
( 'AjrPSFfDbA2zuUE',  'Ogre',                       140000,  5,  5,  4,  5,     10,  20,  3,   'AjT4lnbw31kZbWO' ),
( 'adEAVtp4pR2nDby',  'Minotaur',                   150000,  5,  5,  4,  6,     9,   20,  3,   'AjT4lnbw31kZbWO' ),
( 'toQtzFaDF746pjl',  'Hobgoblin Lineman',          40000,   6,  3,  3,  4,     8,   64,  19,  'mGXB5u0uBDPnmIq' ),
( '2NSdFcfsbWge77I',  'Sneaky Stabba',              60000,   6,  3,  3,  5,     8,   65,  18,  'OcW1qBoMV5V16Sa' ),
( 'UXkSErAGg73zxPj',  'Chaos Dwarf Blocker',        70000,   4,  3,  4,  6,     10,  17,  70,  'Zs4ehzJxOlBJQkK' ),
( 'U1JCE3uiuoeaMxu',  'Flamesmith',                 80000,   5,  3,  4,  6,     10,  17,  70,  '2QxLNdKMO3Dvicx' ),
( 'BSw8z3sCFhaQ7Qi',  'Bull Centaur Blitzer',       130000,  6,  4,  4,  6,     10,  17,  70,  'psdnY9hNwy93jfT' ),
( 'Y2QCdffoLYi46NM',  'Minotaur',                   150000,  5,  5,  4,  6,     9,   20,  3,   'VDbszST79BpelhQ' ),
( 'w12QcgfZZlSf8FC',  'Renegade Human',             50000,   6,  3,  3,  4,     9,   5,   18,  'wn4CBYEdFV86K6Z' ),
( 'Wq0YVIevFGVi1e7',  'Renegade Goblin',            40000,   6,  2,  3,  4,     8,   6,   25,  'FV16NcQjK96Y9Cl' ),
( 'ZRFpGZKsqSPh6pk',  'Renegade Orc',               50000,   5,  3,  3,  5,     10,  5,   18,  '2xaJJSc6JFt0MzF' ),
( 'NUSX0Pi5iN4EV2O',  'Renegade Skaven',            50000,   7,  3,  3,  4,     8,   5,   18,  '6ktniaqUX3SGiuM' ),
( 'p4nQuEV9YkQ5kRE',  'Renegade Dark Elf',          75000,   6,  3,  2,  3,     9,   7,   24,  'IDTO2jgqkZBO44N' ),
( 'IXbUpi4HKWLY87e',  'Renegade Human Thrower',     75000,   6,  3,  3,  3,     9,   13,  18,  'P7XoFi4pPRAhCX8' ),
( 'oxIdsJv0k8z7y8j',  'Troll',                      115000,  4,  5,  5,  5,     10,  16,  7,   'sfqdIJyrZWXbKs5' ),
( 'efHYUCp1Amj6SEs',  'Ogre',                       140000,  5,  5,  4,  5,     10,  16,  7,   'xkMxkJ7uEscPyAI' ),
( '1FRzIMbQvkOOPcm',  'Minotaur',                   150000,  5,  5,  4,  null,  9,   16,  7,   '2W9ROp4nJDkAFOM' ),
( 'g0CKNFs5jGPiyUW',  'Rat Ogre',                   150000,  6,  5,  4,  null,  9,   16,  7,   '8xqU9TfxY44Cwl8' ),
( '4lp7FC4RbA91xeN',  'Dark Elf Lineman',           65000,   6,  3,  2,  3,     9,   3,   80,  'OSWrpntUxTVlBP1' ),
( 'WFpdAfQO3xST5Vd',  'Dark Elf Runner',            80000,   7,  3,  2,  3,     8,   11,  80,  'cixIrK6zi2vJbi3' ),
( 'T4jxpIoWu7aoI2E',  'Dark Elf Blitzer',           105000,  7,  3,  2,  3,     9,   3,   88,  'igzQ2xzfqUyHPah' ),
( 'evQjxMNl4j8xIw6',  'Dark Elf Assassin',          90000,   7,  3,  2,  4,     8,   66,  17,  '5yjBFNeqQqqodK2' ),
( 'N1HC2oZHAtGgZtK',  'Witch Elf',                  110000,  7,  3,  2,  4,     8,   3,   80,  '4RDkEzbFFcQ01a7' ),
( 'rKLt6FrjUjrZE03',  'Dwarf Lineman',              70000,   4,  3,  4,  5,     10,  65,  16,  'nmfQ1s5PR38r3qA' ),
( 'CH7I8SWRTg2neFD',  'Dwarf Runner',               80000,   6,  3,  3,  4,     9,   9,   16,  'KINAYYcIRLUU3Di' ),
( 'DY0z4kg1K25EIIv',  'Dwarf Blitzer',              100000,  5,  3,  4,  4,     10,  17,  8,   'wAP80U2vfFl1p8C' ),
( '9WrjYDFozrk57SU',  'Troll Slayer',               95000,   5,  3,  4,  5,     9,   17,  64,  '8XvtdiHHuGLnzz6' ),
( 'x27cOTFguWPd83M',  'Deathroller',                170000,  5,  7,  5,  null,  11,  80,  1,   'iswPBtPbmp3EDll' ),
( 'HBlr4rdiz4lHJJw',  'Elven Lineman',              65000,   6,  3,  2,  3,     8,   3,   16,  'T8lLE9zHUI3ZqoF' ),
( '7Rt1sII7cqXsvFP',  'Elven Thrower',              75000,   6,  3,  2,  2,     8,   11,  16,  'HocPwPjXK2w9wuR' ),
( 'ukbVMRgSDQZL29I',  'Elven Catcher',              100000,  8,  3,  2,  4,     8,   3,   16,  'AKdDuDoEjWTZ7nb' ),
( '0VxXriteG9JFgDZ',  'Elven Blitzer',              115000,  7,  3,  2,  3,     9,   3,   24,  'K2skBJEfFnZXWNo' ),
( 'JJJKN0zdVzbG33Q',  'Gnome Lineman',              40000,   5,  2,  3,  4,     7,   2,   81,  'CyDCEk5oOazQHBc' ),
( '3XljnPQh269hqmr',  'Woodland Fox',               50000,   7,  2,  2,  null,  6,   0,   2,   'z2qAEDtq7UDLTAM' ),
( 'bSlFzLfUAfKvMub',  'Gnome Illusionist',          50000,   5,  2,  3,  3,     7,   10,  65,  'd8OmwKanuOmKlrK' ),
( '0dn5ivPfggXwllI',  'Gnome Beastmaster',          55000,   5,  2,  3,  4,     8,   2,   81,  'UMrKw5cN5r0gJdc' ),
( 'zxCnROzxz47MYlY',  'Altern Forest Treeman',      120000,  2,  6,  5,  5,     11,  16,  11,  'Wyv9hBC3v18ne2D' ),
( 'U0cDh82vAEHxsho',  'Goblin Lineman',             40000,   6,  2,  3,  4,     8,   66,  25,  'SXTGn9P7tuh2F7e' ),
( 'WCaP4VZ4hji2VwH',  'Looney',                     40000,   6,  2,  3,  null,  8,   64,  19,  'kcqCAyo7mhyqZEf' ),
( 'ukfVVtJDA185wOa',  'Bomma',                      45000,   6,  2,  3,  4,     8,   72,  19,  's8HTnEmWc317hrd' ),
( 'VCs3RBZkQz3Xzhr',  'Ooligan',                    60000,   6,  2,  3,  5,     8,   66,  17,  'UvGe176TVdytlIW' ),
( 'y6Yx0NaDYFVvahu',  'Doom Diver',                 65000,   6,  2,  3,  6,     8,   2,   81,  'DhMgroZ9V9dnFr5' ),
( 'Yl1dWLXXtGcG5jf',  'Fanatic',                    70000,   3,  7,  3,  null,  8,   80,  3,   'ltKkwvYCjzR6jph' ),
( 'EbACq1RRJGQh5tq',  'Pogoer',                     75000,   7,  2,  3,  4,     8,   2,   81,  'jJysjRJrOHJVSnw' ),
( 'ujPDt74CbU1LECG',  'Trained Troll',              115000,  4,  5,  5,  5,     10,  16,  11,  'blg1UISuVPMqM1d' ),
( 'OAsUHXDf3Nnf39j',  'Halfling Hopeful Lineman',   30000,   5,  2,  3,  4,     7,   2,   81,  'f07ZUuHMJBjPn2q' ),
( 'OgWwXBMJMhgvJha',  'Halfling Hefty',             50000,   5,  2,  3,  3,     8,   10,  81,  'byy2UpsWpW9G64B' ),
( 'kLHYFZ92GGcnHAj',  'Halfling Catcher',           55000,   5,  2,  3,  4,     7,   2,   81,  '2NAZRJRRU8hhQuA' ),
( 'Y8SIEavVeSxq9iH',  'Athel Forest Treeman',       120000,  2,  6,  5,  5,     11,  16,  75,  'oifldBCIF6MZbXx' ),
( 'PnS3Kkr8hqVB9OD',  'High Elf Lineman',           65000,   6,  3,  2,  3,     9,   3,   24,  'dcDyTqZzr5107W5' ),
( 'wF3cfLzjK9NB8B3',  'High Elf Thrower',           100000,  6,  3,  2,  2,     9,   11,  16,  'x3bNZKQSMy1wy9v' ),
( 'uA7SaXLu21sPtRr',  'High Elf Catcher',           90000,   8,  3,  2,  3,     8,   3,   16,  'fYfvbtLTNen5sbK' ),
( 'NBZlj6UR84CUveL',  'High Elf Blitzer',           100000,  7,  3,  2,  4,     9,   3,   24,  'AqfRbPIO5z2cZnW' ),
( 'j2q7O4qxrIdpE2N',  'Human Lineman',              50000,   6,  3,  3,  4,     9,   1,   82,  'BOcfuWH7nK7uIO6' ),
( 'DkHCNswaLmdhUBo',  'Halfling Hopeful',           30000,   5,  2,  3,  4,     7,   2,   81,  'ejZF88iqImSKVW2' ),
( '8Ehd9GyP9NGXmG0',  'Human Catcher',              75000,   8,  3,  3,  4,     8,   3,   88,  'mhGdCPcnHLlxzPe' ),
( 'rD2oixmTHCbBeaj',  'Human Thrower',              75000,   6,  3,  3,  3,     9,   9,   82,  '7WE481WrLKXOcH8' ),
( 'urcB7cnfiKQLwoV',  'Human Blitzer',              85000,   7,  3,  3,  4,     9,   17,  66,  'BqGxbCXFhNUpP2F' ),
( 'rT6Ga8I2Pr5Lziw',  'Ogre',                       140000,  5,  5,  4,  5,     10,  16,  3,   '54OkokA3Q4E4iRd' ),
( '344LgNxbjttEADz',  'Imperial Retainer Lineman',  45000,   6,  3,  3,  4,     8,   1,   18,  'f6ansYdYuOUIjgY' ),
( 'ZFTBwRI5sj5jqtC',  'Imperial Thrower',           75000,   6,  3,  3,  2,     9,   9,   18,  'ClPvXlxhfQ0a7Qs' ),
( 'e36dxKHNalPjb1P',  'Bodyguard',                  85000,   5,  3,  3,  4,     9,   17,  2,   'MMnqiutLC0D0fqN' ),
( 'Z5qExqtPdRkQpuE',  'Noble Blitzer',              90000,   7,  3,  3,  4,     9,   3,   24,  '4MQmwgSiQyfVIYp' ),
( 'cyAeAH7WAUsp5Us',  'Ogre',                       140000,  5,  5,  4,  5,     10,  16,  3,   'ZRUqirJ3V18du8V' ),
( 'aSLeBJtnER3zMp8',  'Bloodborn Marauder',         50000,   6,  3,  3,  4,     8,   5,   82,  '35K8YRAe9y6EUT5' ),
( 'cqoRnW7of2AiFyl',  'Khorngor',                   70000,   6,  3,  3,  4,     9,   21,  74,  'sMEZQqIdnnjdYvP' ),
( '2Pc7eiQKEUrwwkJ',  'Bloodseeker',                105000,  5,  4,  4,  6,     10,  21,  66,  'kuc2a3b5hhv5gUy' ),
( '2LSjDSaZ6tBCQ1A',  'Bloodspawn',                 160000,  5,  5,  4,  6,     9,   20,  3,   'AngpYEWJF57l8JK' ),
( 'T3k3GcMhmoPCKUp',  'Skink Lineman',              60000,   8,  2,  3,  4,     8,   2,   25,  'bXZAO0SJyZ4gflA' ),
( 'ybSnZJ74azorVLT',  'Chameleon Skink',            70000,   7,  2,  3,  3,     8,   2,   25,  '85ao4T4hikjPtbE' ),
( 'ECsSzCJcs7DXwUA',  'Saurus Blocker',             85000,   6,  4,  5,  6,     10,  17,  2,   'G8pvWkpyZSdtHMy' ),
( 'FwY4O9MRLZa9t7n',  'Kroxigor',                   140000,  6,  5,  5,  null,  10,  16,  3,   'AAmq3rUyS6CzhfG' ),
( 'EpbaZsSfP94eots',  'Zombie Lineman',             40000,   4,  3,  4,  6,     9,   65,  18,  'AuHvw60ds7iwuqc' ),
( 'S0H9KfIrltNsXDG',  'Ghoul Runner',               75000,   7,  3,  3,  3,     8,   3,   88,  '60ZWxcT8XDO0mQi' ),
( 'bxgOyQtdDwjaLiA',  'Wraith',                     85000,   6,  3,  3,  null,  9,   17,  66,  'WPmwy0ICkvcmGBF' ),
( 'DAIJphP62DagsdK',  'Flesh Golem',                110000,  4,  4,  4,  6,     10,  17,  66,  '7cyxFkwsowDsnsd' ),
( 'O2VKVInAZEkylQZ',  'Werewolf',                   120000,  8,  3,  3,  3,     9,   3,   88,  'sJkpqRrGh8Qgdfs' ),
( '1IDqzrwDhbBPk94',  'Norse Raider',               50000,   6,  3,  3,  4,     8,   1,   26,  '1WttVG1FdDPro4o' ),
( 'fT5IStsrdjQHN3k',  'Beer Boar',                  20000,   5,  1,  3,  null,  6,   0,   2,   'Tin54WNvBFTTey4' ),
( 'lK2FMqj09jj4RKl',  'Norse Berserker',            90000,   6,  3,  3,  5,     8,   17,  10,  '0BHi2Cc2aC2vE0s' ),
( 'l7ZchhrCSysG3Px',  'Valkyrie',                   95000,   7,  3,  3,  3,     8,   11,  16,  'rA8Jp1NnRhhWLmK' ),
( '3UpKRvv9fpz0UEm',  'Ulfwerener',                 105000,  6,  4,  4,  6,     9,   17,  2,   'SczE5RTj5zt35Qo' ),
( 'JiRPAFUYESUcQrY',  'Yhetee',                     140000,  5,  5,  4,  6,     9,   16,  3,   'ZSXHNvw7xsKj3kd' ),
( '7s7741botLQjRba',  'Rotter',                     40000,   5,  3,  4,  6,     9,   69,  18,  'rm7GQ3NVEUO01vY' ),
( 'mrAvGrOOhpMi2JV',  'Pestigor',                   70000,   6,  3,  3,  4,     9,   21,  74,  'H9vkuayBC7DJdUb' ),
( '38Mhf9bPRXy5c2H',  'Bloater',                    110000,  4,  4,  4,  6,     10,  21,  66,  'w6SoxY3TYN00qqn' ),
( 'Eljh4kIMF0ykBJ1',  'Rotspawn',                   140000,  4,  5,  5,  6,     10,  16,  69,  'gME1GC7SgvUHiul' ),
( 'RcsWTW2Y8Vz8Hnt',  'Gnoblar Lineman',            15000,   5,  1,  3,  4,     6,   66,  1,   'qjD67twnvlyIrmj' ),
( 'EWAEufplBjB36Uc',  'Ogre Blocker',               140000,  5,  5,  4,  5,     10,  16,  75,  'hnOvqsQLuENbPqU' ),
( 'ZZhsHpdYm7HLUsU',  'Ogre Runt Punter',           145000,  5,  5,  4,  4,     10,  24,  67,  'ipXqPF3OgcVi741' ),
( 'GUarR2CYKeeIA2Z',  'Human Lineman',              50000,   6,  3,  3,  4,     9,   1,   18,  'FUWcmBzmywWUDlD' ),
( 'C3zJdbRqPlLHpft',  'Halfling Hopeful',           30000,   5,  2,  3,  4,     7,   2,   17,  'mBFNTWNTeOIeBvo' ),
( 'LMzaQQWDv1c9DOa',  'Human Catcher',              75000,   8,  3,  3,  4,     8,   3,   24,  'cutQc6EZANodaMQ' ),
( 'Uox3xUXnUZyJVwz',  'Dwarf Lineman',              70000,   4,  3,  4,  5,     10,  65,  16,  'txNFEaXfQIeQUh4' ),
( 'O9cM87jQvGdafHr',  'Human Thrower',              75000,   6,  3,  3,  3,     9,   9,   18,  'EpPfKO8KamwZeUd' ),
( 'w8wNWDzuRGiglzk',  'Dwarf Runner',               80000,   6,  3,  3,  4,     9,   9,   18,  'wTHIiCBTMEbpfHC' ),
( 'jr2Zxi18lHdA7Dp',  'Human Blitzer',              85000,   7,  3,  3,  4,     9,   17,  2,   '4t9XJsFNRopn2VS' ),
( 'k5RSkz1frQYLmed',  'Dwarf Blitzer',              100000,  5,  3,  4,  4,     10,  17,  8,   'Uj3c1uD6y1tW7KP' ),
( 'IQF43acA4yY2mN7',  'Troll Slayer',               95000,   5,  3,  4,  5,     9,   17,  2,   'qg9fR6dxjWLdj4N' ),
( 'KWwhoGEJtgf9djA',  'Ogre',                       140000,  5,  5,  4,  5,     10,  16,  3,   'HKZAHTg6rfGg9R8' ),
( 'yuEYfX6SiXo6mKz',  'Altern Forest Treeman',      120000,  2,  5,  5,  5,     11,  16,  11,  'fqq7FE9hxTyT80J' ),
( 'vAqjhDgpvSVP89J',  'Orc Lineman',                50000,   5,  3,  3,  4,     10,  17,  66,  'DmEyXU2BZg09yZv' ),
( '3mXoV0gRGZZa76y',  'Goblin Lineman',             40000,   6,  2,  3,  3,     8,   66,  25,  'T34CU6pL4iU8mbH' ),
( '20DHZ1qKZMKy9AC',  'Orc Thrower',                75000,   6,  3,  3,  3,     9,   9,   82,  'PxTamZB7ssvJydU' ),
( 'fNsXOjE3p56WCHC',  'Orc Blitzer',                85000,   6,  3,  3,  4,     10,  17,  66,  'UM088IH8nEhc9xH' ),
( 'inf9pdtcHPQhsPS',  'Big Un Blocker',             95000,   5,  4,  4,  6,     10,  17,  66,  'qt8uZyonLRgi07z' ),
( 'PFnlDUBM2lSfEnq',  'Troll',                      115000,  4,  5,  5,  5,     10,  16,  11,  'EKJGGmtJHWB2DmX' ),
( 'LkDjtoWEu6460vb',  'Undead Skeleton Lineman',    40000,   5,  3,  4,  6,     8,   1,   82,  'b2wJYBYExdVe1Np' ),
( '4ro6tVuLerbkmaf',  'Undead Zombie Lineman',      40000,   4,  3,  4,  6,     9,   65,  18,  'b2wJYBYExdVe1Np' ),
( 'CaDwGnZGN1kmP1W',  'Undead Ghoul Runner',        75000,   7,  3,  3,  3,     8,   3,   88,  'UeWQK7WKWSnOcAO' ),
( 'QueNhBZozhq780d',  'Wight Blitzer',              95000,   6,  3,  3,  5,     9,   17,  66,  'Fsh2uJFdWA7fcRN' ),
( 'rmJEwf28voejk1o',  'Mummy',                      125000,  3,  5,  5,  6,     10,  16,  3,   'p9w9Oz9MrVN9DKp' ),
( '8s4mYnjTfFNjibN',  'Skaven Clanrat',             50000,   7,  3,  3,  4,     8,   65,  22,  'EsKbB9n6C7x54HO' ),
( 'bG4nxS3xQPwa9d5',  'Skaven Thrower',             80000,   7,  3,  3,  2,     8,   9,   86,  '9zRwLqPokpYo5h0' ),
( 'JrmFe2kOZ3rpKD3',  'Gutter Runner',              85000,   9,  2,  2,  4,     8,   67,  20,  'Dop0VW1cFszBcLg' ),
( 'BO59UU7akQGjXD5',  'Skaven Blitzer',             90000,   8,  3,  3,  4,     9,   17,  70,  '6wBgUNHZBv0Hkit' ),
( 'MgROQAT9rIb8Nww',  'Rat Ogre',                   150000,  6,  5,  4,  6,     9,   16,  7,   'tg4rVGsxlgHdUSg' ),
( 'YInpwz9cBpLjESS',  'Snotling Lineman',           15000,   5,  1,  3,  4,     6,   66,  1,   'mBiRW43ntxWThe6' ),
( 'KfgmOKbQvX5AmiE',  'Fun-hoppa',                  20000,   6,  1,  3,  4,     6,   66,  1,   'lHPGPecO1h2q55P' ),
( 'IB9S47SgIjTYzSo',  'Stilty Runna',               20000,   6,  1,  3,  4,     6,   66,  1,   '2Ysp6C1OxmFh4pn' ),
( '8G6ifoC6QIG4hoE',  'Fungus Flinga',              30000,   5,  1,  3,  4,     6,   74,  1,   'FLjFMwKJ3LqLd5k' ),
( 'ooHQmU8FLySwvOV',  'Pump Wagon',                 100000,  5,  5,  5,  6,     9,   80,  3,   'kaCmQvYoWqyjiIG' ),
( 'DsTuOAAhIOxQD0N',  'Trained Troll',              115000,  4,  5,  5,  5,     10,  16,  11,  '6O2zPJSZasRTffn' ),
( 'pf3LMEEKxbZsext',  'Skeleton Lineman',           40000,   5,  3,  4,  6,     8,   1,   82,  'WopBvCjyB2s4lTe' ),
( 'waNQhta8kc6AAiT',  'Tomb Kings Thrower',         65000,   6,  3,  4,  3,     9,   9,   82,  'QVLAPZ8hZtDrAMw' ),
( 'tZA8FtYvaUYI9W2',  'Tomb Kings Blitzer',         85000,   6,  3,  4,  5,     9,   17,  66,  'mBPE2QKDZxnNF8K' ),
( 'KXS0P8dMCjNPQ67',  'Tomb Guardian',              115000,  4,  5,  5,  6,     10,  16,  3,   'ErX6ZjAIYr3Q51u' ),
( 'hmMWtLabiXFvGiB',  'Goblin Lineman',             40000,   6,  2,  3,  4,     8,   70,  25,  'NE1qIyQjHktHPLu' ),
( 'VY58Xfyd2yCKssz',  'Snotling Lineman',           15000,   5,  1,  3,  4,     6,   70,  1,   'fA6LJW8zoluqDRw' ),
( 'FOdGYvX5l5nmZEv',  'Skaven Clanrat',             50000,   7,  3,  4,  4,     8,   69,  18,  'GJDuvQKFZxptNVC' ),
( 'CgAiaJ4GA7k8Zt3',  'Skaven Thrower',             80000,   7,  3,  2,  2,     8,   13,  82,  'ftvkYaIBFoSfRqD' ),
( 'Nsm2mCePyd47KqH',  'Gutter Runner',              85000,   9,  2,  2,  4,     8,   71,  16,  'uxcrTiu9IUwEz6X' ),
( 'OGcptsEDlo8egwO',  'Skaven Blitzer',             90000,   8,  3,  3,  4,     9,   21,  66,  'dINrhGuvX3DXh9g' ),
( 'DUr6ETbIklUd5LR',  'Troll',                      115000,  4,  5,  5,  5,     10,  20,  11,  'OR9MtHV53HmZMo0' ),
( 'x6zLUBAoUdPSWiM',  'Rat Ogre',                   150000,  6,  5,  4,  6,     9,   20,  3,   'Nh9TtqZk36rf50s' ),
( 'gHRXSP0aRDIhz46',  'Thrall Lineman',             40000,   6,  3,  3,  4,     8,   1,   18,  'BwVhkGUj97TBGoq' ),
( 'EePtSPHh6m4Nl5B',  'Vampire Runner',             100000,  8,  3,  2,  3,     8,   3,   24,  'YSeDyCl6tPOJiRC' ),
( 'EALdZCfSmmb3gZB',  'Vampire Thrower',            110000,  6,  4,  2,  2,     9,   11,  16,  'o45ebVfYvybtWH3' ),
( 'xiPnDzXA09q7XOS',  'Vampire Blitzer',            110000,  6,  4,  2,  4,     9,   19,  0,   'UKLAaXqRzui2TJa' ),
( 'x9jEVbNtNMNlLQ1',  'Vargheist',                  150000,  5,  5,  4,  6,     10,  16,  3,   'uwkr1R7EoBFuvnF' ),
( 'GaAMQoKFguxlMIv',  'Wood Elf Lineman',           65000,   7,  3,  2,  4,     8,   3,   16,  'z8pgv5TeNK4Pgs4' ),
( 'w0uJmfOs6MjQzbU',  'Wood Elf Thrower',           85000,   7,  3,  2,  2,     8,   11,  16,  'CcscgJVQ98vtRv1' ),
( '3yvXau7PNGynMat',  'Wood Elf Catcher',           90000,   8,  2,  2,  3,     8,   3,   24,  '8OuTNsEALS7VC1X' ),
( 'fkSmT4z6jWWWHtm',  'Wardancer',                  130000,  8,  3,  2,  3,     8,   3,   24,  'oV0Zsucnrm4SbC2' ),
( 'jh8a9KsB6HfkC4Y',  'Altern Forest Treeman',      120000,  2,  6,  5,  5,     11,  16,  3,   'oDrvkrBKDLQnVp2' )
;

-- KEYWORD TO POSITION
INSERT INTO public.keyword_to_position (keyword_name, position_id) VALUES
( 'Lineman',    'FETXHaNhShGJu7F' ),
( 'Human',      'FETXHaNhShGJu7F' ),
( 'Thrower',    '8jkasnfj4c5LxqF' ),
( 'Human',      '8jkasnfj4c5LxqF' ),
( 'Blitzer',    'tsXqtIvZGVc7ygy' ),
( 'Human',      'tsXqtIvZGVc7ygy' ),
( 'Blocker',    'eDKjAMCjDJ9EfJF' ),
( 'Human',      'eDKjAMCjDJ9EfJF' ),
( 'Lineman',    'pBd56XJUALg6m9N' ),
( 'Goblin',     'pBd56XJUALg6m9N' ),
( 'Blocker',    '7Ykuan5dMxOE9V3' ),
( 'Orc',        '7Ykuan5dMxOE9V3' ),
( 'Big Guy',    'mRjcoJJzXXTHsvS' ),
( 'Troll',      'mRjcoJJzXXTHsvS' ),
( 'Lineman',    'UgQ48CzayfFqctL' ),
( 'Human',      'UgQ48CzayfFqctL' ),
( 'Catcher',    'UvDA7kethNfv2mp' ),
( 'Human',      'UvDA7kethNfv2mp' ),
( 'Thrower',    'Al2fyIbFkOquaWY' ),
( 'Human',      'Al2fyIbFkOquaWY' ),
( 'Blitzer',    'H8ykeEdo7FDadz1' ),
( 'Human',      'H8ykeEdo7FDadz1' ),
( 'Lineman',    'BjRwwYH5KHYpA5V' ),
( 'Beastman',   'BjRwwYH5KHYpA5V' ),
( 'Blocker',    'iSEZ5LLgOPqJVxj' ),
( 'Human',      'iSEZ5LLgOPqJVxj' ),
( 'Big Guy',    'ZSFMI4vgKiRwGoK' ),
( 'Troll',      'ZSFMI4vgKiRwGoK' ),
( 'Big Guy',    'AjrPSFfDbA2zuUE' ),
( 'Ogre',       'AjrPSFfDbA2zuUE' ),
( 'Big Guy',    'adEAVtp4pR2nDby' ),
( 'Minotaur',   'adEAVtp4pR2nDby' ),
( 'Lineman',    'toQtzFaDF746pjl' ),
( 'Goblin',     'toQtzFaDF746pjl' ),
( 'Special',    '2NSdFcfsbWge77I' ),
( 'Goblin',     '2NSdFcfsbWge77I' ),
( 'Blocker',    'UXkSErAGg73zxPj' ),
( 'Dwarf',      'UXkSErAGg73zxPj' ),
( 'Special',    'U1JCE3uiuoeaMxu' ),
( 'Dwarf',      'U1JCE3uiuoeaMxu' ),
( 'Blitzer',    'BSw8z3sCFhaQ7Qi' ),
( 'Dwarf',      'BSw8z3sCFhaQ7Qi' ),
( 'Big Guy',    'Y2QCdffoLYi46NM' ),
( 'Minotaur',   'Y2QCdffoLYi46NM' ),
( 'Lineman',    'w12QcgfZZlSf8FC' ),
( 'Human',      'w12QcgfZZlSf8FC' ),
( 'Goblin',     'Wq0YVIevFGVi1e7' ),
( 'Lineman',    'Wq0YVIevFGVi1e7' ),
( 'Lineman',    'ZRFpGZKsqSPh6pk' ),
( 'Orc',        'ZRFpGZKsqSPh6pk' ),
( 'Lineman',    'NUSX0Pi5iN4EV2O' ),
( 'Skaven',     'NUSX0Pi5iN4EV2O' ),
( 'Elf',        'p4nQuEV9YkQ5kRE' ),
( 'Lineman',    'p4nQuEV9YkQ5kRE' ),
( 'Human',      'IXbUpi4HKWLY87e' ),
( 'Thrower',    'IXbUpi4HKWLY87e' ),
( 'Big Guy',    'oxIdsJv0k8z7y8j' ),
( 'Troll',      'oxIdsJv0k8z7y8j' ),
( 'Big Guy',    'efHYUCp1Amj6SEs' ),
( 'Ogre',       'efHYUCp1Amj6SEs' ),
( 'Big Guy',    '1FRzIMbQvkOOPcm' ),
( 'Minotaur',   '1FRzIMbQvkOOPcm' ),
( 'Big Guy',    'g0CKNFs5jGPiyUW' ),
( 'Skaven',     'g0CKNFs5jGPiyUW' ),
( 'Lineman',    '4lp7FC4RbA91xeN' ),
( 'Elf',        '4lp7FC4RbA91xeN' ),
( 'Runner',     'WFpdAfQO3xST5Vd' ),
( 'Elf',        'WFpdAfQO3xST5Vd' ),
( 'Special',    'evQjxMNl4j8xIw6' ),
( 'Elf',        'evQjxMNl4j8xIw6' ),
( 'Blitzer',    'T4jxpIoWu7aoI2E' ),
( 'Elf',        'T4jxpIoWu7aoI2E' ),
( 'Special',    'N1HC2oZHAtGgZtK' ),
( 'Elf',        'N1HC2oZHAtGgZtK' ),
( 'Lineman',    'rKLt6FrjUjrZE03' ),
( 'Dwarf',      'rKLt6FrjUjrZE03' ),
( 'Runner',     'CH7I8SWRTg2neFD' ),
( 'Dwarf',      'CH7I8SWRTg2neFD' ),
( 'Blitzer',    'DY0z4kg1K25EIIv' ),
( 'Dwarf',      'DY0z4kg1K25EIIv' ),
( 'Special',    '9WrjYDFozrk57SU' ),
( 'Dwarf',      '9WrjYDFozrk57SU' ),
( 'Big Guy',    'x27cOTFguWPd83M' ),
( 'Dwarf',      'x27cOTFguWPd83M' ),
( 'Special',    'x27cOTFguWPd83M' ),
( 'Lineman',    'HBlr4rdiz4lHJJw' ),
( 'Elf',        'HBlr4rdiz4lHJJw' ),
( 'Thrower',    '7Rt1sII7cqXsvFP' ),
( 'Elf',        '7Rt1sII7cqXsvFP' ),
( 'Catcher',    'ukbVMRgSDQZL29I' ),
( 'Elf',        'ukbVMRgSDQZL29I' ),
( 'Blitzer',    '0VxXriteG9JFgDZ' ),
( 'Elf',        '0VxXriteG9JFgDZ' ),
( 'Lineman',    'JJJKN0zdVzbG33Q' ),
( 'Gnome',      'JJJKN0zdVzbG33Q' ),
( 'Runner',     '3XljnPQh269hqmr' ),
( 'Animal',     '3XljnPQh269hqmr' ),
( 'Special',    'bSlFzLfUAfKvMub' ),
( 'Gnome',      'bSlFzLfUAfKvMub' ),
( 'Blocker',    '0dn5ivPfggXwllI' ),
( 'Gnome',      '0dn5ivPfggXwllI' ),
( 'Big Guy',    'zxCnROzxz47MYlY' ),
( 'Treeman',    'zxCnROzxz47MYlY' ),
( 'Goblin',     'U0cDh82vAEHxsho' ),
( 'Lineman',    'U0cDh82vAEHxsho' ),
( 'Goblin',     'WCaP4VZ4hji2VwH' ),
( 'Special',    'WCaP4VZ4hji2VwH' ),
( 'Goblin',     'ukfVVtJDA185wOa' ),
( 'Special',    'ukfVVtJDA185wOa' ),
( 'Goblin',     'VCs3RBZkQz3Xzhr' ),
( 'Special',    'VCs3RBZkQz3Xzhr' ),
( 'Goblin',     'y6Yx0NaDYFVvahu' ),
( 'Special',    'y6Yx0NaDYFVvahu' ),
( 'Goblin',     'Yl1dWLXXtGcG5jf' ),
( 'Special',    'Yl1dWLXXtGcG5jf' ),
( 'Goblin',     'EbACq1RRJGQh5tq' ),
( 'Special',    'EbACq1RRJGQh5tq' ),
( 'Big Guy',    'ujPDt74CbU1LECG' ),
( 'Troll',      'ujPDt74CbU1LECG' ),
( 'Lineman',    'OAsUHXDf3Nnf39j' ),
( 'Halfling',   'OAsUHXDf3Nnf39j' ),
( 'Blocker',    'OgWwXBMJMhgvJha' ),
( 'Halfling',   'OgWwXBMJMhgvJha' ),
( 'Catcher',    'kLHYFZ92GGcnHAj' ),
( 'Halfling',   'kLHYFZ92GGcnHAj' ),
( 'Big Guy',    'Y8SIEavVeSxq9iH' ),
( 'Treeman',    'Y8SIEavVeSxq9iH' ),
( 'Lineman',    'PnS3Kkr8hqVB9OD' ),
( 'Elf',        'PnS3Kkr8hqVB9OD' ),
( 'Thrower',    'wF3cfLzjK9NB8B3' ),
( 'Elf',        'wF3cfLzjK9NB8B3' ),
( 'Catcher',    'uA7SaXLu21sPtRr' ),
( 'Elf',        'uA7SaXLu21sPtRr' ),
( 'Blitzer',    'NBZlj6UR84CUveL' ),
( 'Elf',        'NBZlj6UR84CUveL' ),
( 'Lineman',    'j2q7O4qxrIdpE2N' ),
( 'Human',      'j2q7O4qxrIdpE2N' ),
( 'Lineman',    'DkHCNswaLmdhUBo' ),
( 'Halfling',   'DkHCNswaLmdhUBo' ),
( 'Catcher',    '8Ehd9GyP9NGXmG0' ),
( 'Human',      '8Ehd9GyP9NGXmG0' ),
( 'Thrower',    'rD2oixmTHCbBeaj' ),
( 'Human',      'rD2oixmTHCbBeaj' ),
( 'Blitzer',    'urcB7cnfiKQLwoV' ),
( 'Human',      'urcB7cnfiKQLwoV' ),
( 'Big Guy',    'rT6Ga8I2Pr5Lziw' ),
( 'Ogre',       'rT6Ga8I2Pr5Lziw' ),
( 'Lineman',    '344LgNxbjttEADz' ),
( 'Human',      '344LgNxbjttEADz' ),
( 'Thrower',    'ZFTBwRI5sj5jqtC' ),
( 'Human',      'ZFTBwRI5sj5jqtC' ),
( 'Blocker',    'e36dxKHNalPjb1P' ),
( 'Human',      'e36dxKHNalPjb1P' ),
( 'Blitzer',    'Z5qExqtPdRkQpuE' ),
( 'Human',      'Z5qExqtPdRkQpuE' ),
( 'Big Guy',    'cyAeAH7WAUsp5Us' ),
( 'Ogre',       'cyAeAH7WAUsp5Us' ),
( 'Lineman',    'aSLeBJtnER3zMp8' ),
( 'Human',      'aSLeBJtnER3zMp8' ),
( 'Runner',     'cqoRnW7of2AiFyl' ),
( 'Beastman',   'cqoRnW7of2AiFyl' ),
( 'Blocker',    '2Pc7eiQKEUrwwkJ' ),
( 'Human',      '2Pc7eiQKEUrwwkJ' ),
( 'Big Guy',    '2LSjDSaZ6tBCQ1A' ),
( 'Spawn',      '2LSjDSaZ6tBCQ1A' ),
( 'Lineman',    'T3k3GcMhmoPCKUp' ),
( 'Lizardman',  'T3k3GcMhmoPCKUp' ),
( 'Thrower',    'ybSnZJ74azorVLT' ),
( 'Lizardman',  'ybSnZJ74azorVLT' ),
( 'Blocker',    'ECsSzCJcs7DXwUA' ),
( 'Lizardman',  'ECsSzCJcs7DXwUA' ),
( 'Big Guy',    'FwY4O9MRLZa9t7n' ),
( 'Lizardman',  'FwY4O9MRLZa9t7n' ),
( 'Human',      'EpbaZsSfP94eots' ),
( 'Lineman',    'EpbaZsSfP94eots' ),
( 'Undead',     'EpbaZsSfP94eots' ),
( 'Zombie',     'EpbaZsSfP94eots' ),
( 'Ghoul',      'S0H9KfIrltNsXDG' ),
( 'Runner',     'S0H9KfIrltNsXDG' ),
( 'Undead',     'S0H9KfIrltNsXDG' ),
( 'Blocker',    'bxgOyQtdDwjaLiA' ),
( 'Undead',     'bxgOyQtdDwjaLiA' ),
( 'Wraith',     'bxgOyQtdDwjaLiA' ),
( 'Blocker',    'DAIJphP62DagsdK' ),
( 'Construct',  'DAIJphP62DagsdK' ),
( 'Undead',     'DAIJphP62DagsdK' ),
( 'Blitzer',    'O2VKVInAZEkylQZ' ),
( 'Undead',     'O2VKVInAZEkylQZ' ),
( 'Werewolf',   'O2VKVInAZEkylQZ' ),
( 'Lineman',    '1IDqzrwDhbBPk94' ),
( 'Human',      '1IDqzrwDhbBPk94' ),
( 'Special',    'fT5IStsrdjQHN3k' ),
( 'Animal',     'fT5IStsrdjQHN3k' ),
( 'Blitzer',    'lK2FMqj09jj4RKl' ),
( 'Human',      'lK2FMqj09jj4RKl' ),
( 'Catcher',    'l7ZchhrCSysG3Px' ),
( 'Human',      'l7ZchhrCSysG3Px' ),
( 'Thrower',    'l7ZchhrCSysG3Px' ),
( 'Blocker',    '3UpKRvv9fpz0UEm' ),
( 'Human',      '3UpKRvv9fpz0UEm' ),
( 'Big Guy',    'JiRPAFUYESUcQrY' ),
( 'Yhetee',     'JiRPAFUYESUcQrY' ),
( 'Lineman',    '7s7741botLQjRba' ),
( 'Human',      '7s7741botLQjRba' ),
( 'Runner',     'mrAvGrOOhpMi2JV' ),
( 'Beastman',   'mrAvGrOOhpMi2JV' ),
( 'Blocker',    '38Mhf9bPRXy5c2H' ),
( 'Human',      '38Mhf9bPRXy5c2H' ),
( 'Big Guy',    'Eljh4kIMF0ykBJ1' ),
( 'Spawn',      'Eljh4kIMF0ykBJ1' ),
( 'Gnoblar',    'RcsWTW2Y8Vz8Hnt' ),
( 'Lineman',    'RcsWTW2Y8Vz8Hnt' ),
( 'Big Guy',    'EWAEufplBjB36Uc' ),
( 'Blocker',    'EWAEufplBjB36Uc' ),
( 'Ogre',       'EWAEufplBjB36Uc' ),
( 'Big Guy',    'ZZhsHpdYm7HLUsU' ),
( 'Ogre',       'ZZhsHpdYm7HLUsU' ),
( 'Thrower',    'ZZhsHpdYm7HLUsU' ),
( 'Lineman',    'GUarR2CYKeeIA2Z' ),
( 'Human',      'GUarR2CYKeeIA2Z' ),
( 'Lineman',    'C3zJdbRqPlLHpft' ),
( 'Halfling',   'C3zJdbRqPlLHpft' ),
( 'Catcher',    'LMzaQQWDv1c9DOa' ),
( 'Human',      'LMzaQQWDv1c9DOa' ),
( 'Lineman',    'Uox3xUXnUZyJVwz' ),
( 'Dwarf',      'Uox3xUXnUZyJVwz' ),
( 'Thrower',    'O9cM87jQvGdafHr' ),
( 'Human',      'O9cM87jQvGdafHr' ),
( 'Runner',     'w8wNWDzuRGiglzk' ),
( 'Dwarf',      'w8wNWDzuRGiglzk' ),
( 'Blitzer',    'jr2Zxi18lHdA7Dp' ),
( 'Human',      'jr2Zxi18lHdA7Dp' ),
( 'Blitzer',    'k5RSkz1frQYLmed' ),
( 'Dwarf',      'k5RSkz1frQYLmed' ),
( 'Special',    'IQF43acA4yY2mN7' ),
( 'Dwarf',      'IQF43acA4yY2mN7' ),
( 'Big Guy',    'KWwhoGEJtgf9djA' ),
( 'Ogre',       'KWwhoGEJtgf9djA' ),
( 'Big Guy',    'yuEYfX6SiXo6mKz' ),
( 'Treeman',    'yuEYfX6SiXo6mKz' ),
( 'Lineman',    'vAqjhDgpvSVP89J' ),
( 'Orc',        'vAqjhDgpvSVP89J' ),
( 'Lineman',    '3mXoV0gRGZZa76y' ),
( 'Goblin',     '3mXoV0gRGZZa76y' ),
( 'Thrower',    '20DHZ1qKZMKy9AC' ),
( 'Orc',        '20DHZ1qKZMKy9AC' ),
( 'Blitzer',    'fNsXOjE3p56WCHC' ),
( 'Orc',        'fNsXOjE3p56WCHC' ),
( 'Blocker',    'inf9pdtcHPQhsPS' ),
( 'Orc',        'inf9pdtcHPQhsPS' ),
( 'Big Guy',    'PFnlDUBM2lSfEnq' ),
( 'Troll',      'PFnlDUBM2lSfEnq' ),
( 'Human',      'LkDjtoWEu6460vb' ),
( 'Lineman',    'LkDjtoWEu6460vb' ),
( 'Skeleton',   'LkDjtoWEu6460vb' ),
( 'Undead',     'LkDjtoWEu6460vb' ),
( 'Human',      '4ro6tVuLerbkmaf' ),
( 'Lineman',    '4ro6tVuLerbkmaf' ),
( 'Undead',     '4ro6tVuLerbkmaf' ),
( 'Zombie',     '4ro6tVuLerbkmaf' ),
( 'Ghoul',      'CaDwGnZGN1kmP1W' ),
( 'Runner',     'CaDwGnZGN1kmP1W' ),
( 'Undead',     'CaDwGnZGN1kmP1W' ),
( 'Blitzer',    'QueNhBZozhq780d' ),
( 'Human',      'QueNhBZozhq780d' ),
( 'Skeleton',   'QueNhBZozhq780d' ),
( 'Undead',     'QueNhBZozhq780d' ),
( 'Big Guy',    'rmJEwf28voejk1o' ),
( 'Blocker',    'rmJEwf28voejk1o' ),
( 'Human',      'rmJEwf28voejk1o' ),
( 'Undead',     'rmJEwf28voejk1o' ),
( 'Lineman',    '8s4mYnjTfFNjibN' ),
( 'Skaven',     '8s4mYnjTfFNjibN' ),
( 'Thrower',    'bG4nxS3xQPwa9d5' ),
( 'Skaven',     'bG4nxS3xQPwa9d5' ),
( 'Runner',     'JrmFe2kOZ3rpKD3' ),
( 'Skaven',     'JrmFe2kOZ3rpKD3' ),
( 'Blitzer',    'BO59UU7akQGjXD5' ),
( 'Skaven',     'BO59UU7akQGjXD5' ),
( 'Big Guy',    'MgROQAT9rIb8Nww' ),
( 'Skaven',     'MgROQAT9rIb8Nww' ),
( 'Lineman',    'YInpwz9cBpLjESS' ),
( 'Snotling',   'YInpwz9cBpLjESS' ),
( 'Snotling',   'KfgmOKbQvX5AmiE' ),
( 'Special',    'KfgmOKbQvX5AmiE' ),
( 'Runner',     'IB9S47SgIjTYzSo' ),
( 'Snotling',   'IB9S47SgIjTYzSo' ),
( 'Snotling',   '8G6ifoC6QIG4hoE' ),
( 'Special',    '8G6ifoC6QIG4hoE' ),
( 'Big Guy',    'ooHQmU8FLySwvOV' ),
( 'Snotling',   'ooHQmU8FLySwvOV' ),
( 'Special',    'ooHQmU8FLySwvOV' ),
( 'Big Guy',    'DsTuOAAhIOxQD0N' ),
( 'Troll',      'DsTuOAAhIOxQD0N' ),
( 'Human',      'pf3LMEEKxbZsext' ),
( 'Lineman',    'pf3LMEEKxbZsext' ),
( 'Skeleton',   'pf3LMEEKxbZsext' ),
( 'Undead',     'pf3LMEEKxbZsext' ),
( 'Human',      'waNQhta8kc6AAiT' ),
( 'Skeleton',   'waNQhta8kc6AAiT' ),
( 'Thrower',    'waNQhta8kc6AAiT' ),
( 'Undead',     'waNQhta8kc6AAiT' ),
( 'Blitzer',    'tZA8FtYvaUYI9W2' ),
( 'Human',      'tZA8FtYvaUYI9W2' ),
( 'Skeleton',   'tZA8FtYvaUYI9W2' ),
( 'Undead',     'tZA8FtYvaUYI9W2' ),
( 'Big Guy',    'KXS0P8dMCjNPQ67' ),
( 'Blocker',    'KXS0P8dMCjNPQ67' ),
( 'Human',      'KXS0P8dMCjNPQ67' ),
( 'Undead',     'KXS0P8dMCjNPQ67' ),
( 'Goblin',     'hmMWtLabiXFvGiB' ),
( 'Lineman',    'hmMWtLabiXFvGiB' ),
( 'Lineman',    'VY58Xfyd2yCKssz' ),
( 'Snotling',   'VY58Xfyd2yCKssz' ),
( 'Lineman',    'FOdGYvX5l5nmZEv' ),
( 'Skaven',     'FOdGYvX5l5nmZEv' ),
( 'Skaven',     'CgAiaJ4GA7k8Zt3' ),
( 'Thrower',    'CgAiaJ4GA7k8Zt3' ),
( 'Runner',     'Nsm2mCePyd47KqH' ),
( 'Skaven',     'Nsm2mCePyd47KqH' ),
( 'Blitzer',    'OGcptsEDlo8egwO' ),
( 'Skaven',     'OGcptsEDlo8egwO' ),
( 'Big Guy',    'DUr6ETbIklUd5LR' ),
( 'Troll',      'DUr6ETbIklUd5LR' ),
( 'Big Guy',    'x6zLUBAoUdPSWiM' ),
( 'Skaven',     'x6zLUBAoUdPSWiM' ),
( 'Human',      'gHRXSP0aRDIhz46' ),
( 'Lineman',    'gHRXSP0aRDIhz46' ),
( 'Thrall',     'gHRXSP0aRDIhz46' ),
( 'Runner',     'EePtSPHh6m4Nl5B' ),
( 'Undead',     'EePtSPHh6m4Nl5B' ),
( 'Vampire',    'EePtSPHh6m4Nl5B' ),
( 'Thrower',    'EALdZCfSmmb3gZB' ),
( 'Undead',     'EALdZCfSmmb3gZB' ),
( 'Vampire',    'EALdZCfSmmb3gZB' ),
( 'Blitzer',    'xiPnDzXA09q7XOS' ),
( 'Undead',     'xiPnDzXA09q7XOS' ),
( 'Vampire',    'xiPnDzXA09q7XOS' ),
( 'Big Guy',    'x9jEVbNtNMNlLQ1' ),
( 'Undead',     'x9jEVbNtNMNlLQ1' ),
( 'Vampire',    'x9jEVbNtNMNlLQ1' ),
( 'Lineman',    'GaAMQoKFguxlMIv' ),
( 'Elf',        'GaAMQoKFguxlMIv' ),
( 'Thrower',    'w0uJmfOs6MjQzbU' ),
( 'Elf',        'w0uJmfOs6MjQzbU' ),
( 'Catcher',    '3yvXau7PNGynMat' ),
( 'Elf',        '3yvXau7PNGynMat' ),
( 'Blitzer',    'fkSmT4z6jWWWHtm' ),
( 'Elf',        'fkSmT4z6jWWWHtm' ),
( 'Big Guy',    'jh8a9KsB6HfkC4Y' ),
( 'Treeman',    'jh8a9KsB6HfkC4Y' )
;

-- SKILL
INSERT INTO public.skill (name, category, elite, active, rules) VALUES
( 'Catch',                'agility',   false,  true,   E'This player may re-roll any failed Agility Test when attempting to Catch the ball.' ),
( 'Diving Catch',         'agility',   false,  true,   E'This player may attempt to Catch the ball if it lands in a square in their Tackle Zone as a result of a Pass, Throw-in or Kick-off. They may not use this Skill to attempt to Catch the ball if it lands in a square in their Tackle Zone as a result of a Bounce.\nAdditionally, this player may apply a +1 modifier to their Agility Test when attempting to Catch the ball as part of a Pass Action if they are in the target square.' ),
( 'Diving Tackle',        'agility',   false,  true,   E'When an opposition player attempts to leave this player''s Tackle Zone as a result of a Dodge, Leap or Jump, and an Agility test has been rolled and any modifiers and re-rolls have been applied, this player may use this Skill. Immediately apply a -2 modifier to the opposition player''s Agility Test and place this player Prone in the square the opposition player vacated.\nIf a player tries to leave the Tackle Zone of multiple players with this Skill at the same time, only one of those players may use this Skill.' ),
( 'Dodge',                'agility',   false,  true,   E'Once per Turn, this player may re-roll a single Agility Test when attempting to Dodge. Additionally, this Skill will impact the Stumble result when an opposition player performs a Block Action against this player, as described on page 62.' ),
( 'Defensive',            'agility',   false,  true,   E'During your opponent''s Turns, opposition players Marked by this player cannot use the Guard or Put the Boot In Skills.' ),
( 'Hit and Run',          'agility',   false,  true,   E'When a player with this Skill performs a Block Action or a Stab Special Action, after fully resolving the Action, they may immediately move one free square ignoring Tackle Zones, so long as they are still Standing. The player must ensure that after this free move they are not Marked by or Marking any opposition players.\nA player with this Skill cannot also have the Frenzy Skill.' ),
( 'Jump Up',              'agility',   false,  true,   E'This Skill can be used whilst a player is Prone.\nA Prone player with this Skill can stand up for free without having to spend 3 squares of movement to do so.\nAdditionally, a Prone player with this Skill can declare a Block Action whilst Prone. If they do, they must make an Agility Test, applying a +1 modifier to the result. If the Agility Test is passed, they may immediately stand up and perform the Block Action. If the Agility Test is failed, then the player remains Prone and their activation immediately ends.' ),
( 'Leap',                 'agility',   false,  true,   E'During their Move Action, a player with this Skill can attempt to Leap over a single adjacent square regardless of what is in the square.\nLeaping works the same way as Jumping, as described on page 56, with the exception that the Leaping player may reduce the negative modifiers they would receive by Leaping by 1, to a minimum of -1.\nA player with this Skill cannot also have the Pogo Trait.' ),
( 'Safe Pair of Hands',   'agility',   false,  true,   E'If this player would be Knocked Down, Fall Over or be Placed Prone whilst in possession of the ball then, before they become Prone, they may place the ball in any adjacent unoccupied square to the square they will become Prone in instead of Bouncing the ball as normal.' ),
( 'Sidestep',             'agility',   false,  true,   E'Whenever this player is Pushed Back for any reason, then instead of the opposing Coach choosing where this player is Pushed Back to, this player''s Coach may choose any adjacent unoccupied square for this player to be Pushed Back into instead. If there are no adjacent unoccupied squares, then this Skill cannot be used.' ),
( 'Sprint',               'agility',   false,  true,   E'When this player performs a Move Action they may attempt to Rush one additional time than they would normally be allowed to.' ),
( 'Sure Feet',            'agility',   false,  true,   E'Once per Turn, this player may re-roll a single D6 when attempting to Rush.' ),
( 'Dirty Player',         'devious',   false,  true,   E'When this player performs a Foul Action, they may apply a +1 modifier to either the Armour Roll or Injury Roll. This modifier may be applied after the roll has been made.' ),
( 'Eye Gouge',            'devious',   false,  true,   E'When an opposition player is Pushed Back by this player, the opposition player cannot provide Offensive or Defensive Assists until after they are next activated.' ),
( 'Fumblerooski',         'devious',   false,  true,   E'When this player performs a Move Action whilst they are in possession of the ball, they may choose to place the ball on the ground in any square they move out of during their Move Action. This will not cause a Turnover.' ),
( 'Lethal Flight',        'devious',   false,  true,   E'When this player is thrown as part of a Throw Team-mate Action, if they land in a square that contains an opposition player, including if they Bounce into a square containing an opposition player, and the opposition player is Knocked Down, then they may apply a +1 modifier to either the Armour Roll or Injury Roll. This modifier may be applied after the roll has been made. If an opposition player suffers a Casualty as a result of being Knocked Down by the thrown player with this Skill, then this player will count as having caused that Casualty and will receive Star Player Points as appropriate.\nA player without the Right Stuff Trait cannot have this Skill.' ),
( 'Lone Fouler',          'devious',   false,  true,   E'When this player performs a Foul Action, if there are no players providing an Offensive or Defensive Assist, then this player may re-roll a failed Armour Roll.' ),
( 'Pile Driver',          'devious',   false,  true,   E'When an opposition player is Knocked Down by this player during a Block Action, this player may perform a free Foul Action against the opposition player so long as they are still Standing and are still Marking the opposition player. This player is then Placed Prone and their activation immediately ends.' ),
( 'Put the Boot In',      'devious',   false,  true,   E'This player can provide Offensive Assists when a team-mate performs a Foul Action regardless of how many opposition players are Marking this player.' ),
( 'Quick Foul',           'devious',   false,  true,   E'This player''s activation does not end after performing a Foul Action, and they may continue with their Move Action with any movement they have remaining.' ),
( 'Saboteur',             'devious',   false,  true,   E'When this player is Knocked Down as a result of an opposition player''s Block Action, before the Armour Roll is made, they may roll a D6. On a 1‑3, nothing happens and the Armour Roll is made as normal. On a 4+, this player''s sabotaged weapon goes off and the opposition player is also Knocked Down, though this will not cause a Turnover unless the opposition player was holding the ball. If this player''s sabotaged weapon goes off, then they are automatically Knocked Out and the Armour Roll is not made for them.\nA player without the Secret Weapon Trait cannot have this Skill.' ),
( 'Shadowing',            'devious',   false,  true,   E'Each time an opposing player attempts to Dodge out of a square within this player''s Tackle Zone, this player may use this Skill.\nWhen this player uses this Skill, roll a D6. On a 1‑3, nothing happens. On a 4+, this player is immediately placed into the square that the opposition player vacated. This player may only use this Skill a number of times per Turn equal to their MA.\nIf a player tries to leave the Tackle Zone of multiple players with this Skill at the same time, only one of those players may use this Skill.' ),
( 'Sneaky Git',           'devious',   false,  true,   E'This player is not Sent-off when performing a Foul Action if a natural double is rolled for the Armour Roll, so long as the target player''s Armour is not broken. If the target player''s Armour is broken, this player will still be sent off as normal.' ),
( 'Violent Innovator',    'devious',   false,  true,   E'If an opposition player suffers a Casualty as a result of a Special Action this player performed, this player will earn Star Player Points for causing a Casualty as appropriate.\nA player can only have this Skill if they have a Trait that allows them to perform a Special Action.' ),
( 'Block',                'general',   false,  true,   E'A player with this Skill may choose not to be Knocked Down when a Both Down result is applied during a Block Action that they are part of.' ),
( 'Dauntless',            'general',   false,  true,   E'When a player with this Skill performs a Block Action against an opposition player with a higher Strength Characteristic (before any modifiers are applied to either player), this player may roll a D6 and add their own Strength Characteristic. If the result is higher than the opposition player''s unmodified Strength Characteristic, then this player increases their unmodified Strength Characteristic to match the opposition player for the duration of the Block Action. Modifiers are then applied as normal.\nIf this player also has a Skill that allows them to perform multiple Block Actions, such as the Frenzy Skill, then they must make a separate roll for each Block Action.' ),
( 'Fend',                 'general',   false,  true,   E'When a player with this Skill is Pushed Back as a result of a Block Action performed against them, then the opposition player may not Follow-up.\nThis Skill cannot be used against a player with the Ball & Chain Trait or against a player with the Juggernaut Skill that is performing a Blitz Action.' ),
( 'Frenzy',               'general',   false,  true,   E'Every time this player performs a Block Action, if the target is Pushed Back, then this player must Follow-up if able. Additionally, if after the target is Pushed Back they are still Standing, then this player must perform a second Block Action targeting the same opposition player and must again Follow-up if the target is Pushed Back.\nIf this player is performing a Blitz Action, performing a second Block Action will also cost the player a square of movement. If this player has no movement left, then they must Rush. If this player cannot Rush then they cannot perform the second Block Action.\nA player with this Skill cannot have the Grab, Hit & Run or Multiple Block Skills.' ),
( 'Kick',                 'general',   false,  true,   E'If this player is nominated as the kicking player, then when kicking Deviates this player''s Coach may choose for it to only Deviate D3 squares rather than the usual D6.' ),
( 'Pro',                  'general',   false,  true,   E'During this player''s activation, they may attempt to re-roll a single dice. This can be a dice roll on its own, as part of a multiple dice roll or as a dice pool. To use this Skill, the player must roll a D6: on a 3+ the dice may be re-rolled, on a 1-2 the dice may not be re-rolled.\nThe Skill cannot be used to re-roll a dice made as part of an Armour Roll, Injury Roll, Casualty roll, a roll made outside of the player''s activation, or any dice roll not made on the player''s behalf (such as Argue the Call or if the Crowd Takes Action).\nOnce a player has attempted to use this Skill, they cannot use a re-roll from any other source to re-roll the dice.' ),
( 'Steady Footing',       'general',   false,  true,   E'Whenever this player would be Knocked Down or Fall Over, roll a D6. On a 6, this player does not get Knocked Down or Fall Over. If this happens during their activation, they may continue their activation as normal and no Turnover will be caused.' ),
( 'Strip Ball',           'general',   false,  true,   E'When this player performs a Block Action against an opposition player holding the ball, if an opposition player is Pushed Back then they will drop the ball in the square they are Pushed Back into, at which point it will Bounce from that square. This Bounce will happen before the opposition player becomes Prone (if applicable) but after this player chooses to Follow-up.' ),
( 'Sure Hands',           'general',   false,  true,   E'This player may re-roll the D6 when attempting to pick up the ball, though not when making a Secure the Ball Action. Additionally, the Strip Ball Skill cannot be used against this player.' ),
( 'Tackle',               'general',   false,  true,   E'When an opposition player attempts to Dodge away from a square in this player''s Tackle Zone, they cannot use the Dodge Skill.\nAdditionally, when this player performs a Block Action against an opposition player, the opposition player does not count as having the Dodge Skill if a Stumble result is selected.' ),
( 'Taunt',                'general',   false,  true,   E'When a player with this Skill is Pushed Back as a result of a Block Action performed against them, this player''s Coach may choose to make the opposition player Follow-up.\nThis Skill cannot be used against an opposition player with the Take Root Trait that has become Rooted.' ),
( 'Wrestle',              'general',   false,  true,   E'When this player performs a Block Action, or is the target of a Block Action, if the Both Down result is applied, this player may choose to use this Skill. If they do, both players in the Block Action are Placed Prone, regardless of any other Skills they may possess.' ),
( 'Big Hand',             'mutation',  false,  true,   E'This player ignores all negative modifiers when attempting to pick up the ball.' ),
( 'Claws',                'mutation',  false,  false,  E'Whenever an Armour Roll is made for an opposition player that has been Knocked Down by this player during a Block Action, even if this player is also Knocked Down, then any roll of a natural 8+ on the Armour Roll will break the opposition player''s armour regardless of their actual Armour Value.' ),
( 'Disturbing Presence',  'mutation',  false,  false,  E'Any opposition player that performs a Pass Action, Throw Team-mate Action or a Throw Bomb Special Action, or attempts to Intercept or Catch the ball, applies a -1 modifier to their Passing Ability Test or Agility Test for each player on your team with this Skill within 3 squares of them.' ),
( 'Extra Arms',           'mutation',  false,  true,   E'This player applies a +1 modifier to the Agility Test whenever they attempt to Catch, Pick Up or Intercept the ball.' ),
( 'Foul Appearance',      'mutation',  false,  false,  E'Whenever an opposition player attempts to perform a Block Action against this player, or a Special Action that targets this player directly, they must roll a D6 before any other dice are rolled. On a 2+, the Block Action continues as normal. On a 1, the Block Action is immediately cancelled and the opposition player''s activation immediately ends.' ),
( 'Horns',                'mutation',  false,  true,   E'Whenever this player declares a Blitz Action, then they apply a +1 modifier to their Strength Characteristic for any Block Actions performed during that Blitz Action.' ),
( 'Iron Hard Skin',       'mutation',  false,  false,  E'Opposition players cannot apply any modifiers when making an Armour Roll against this player. Additionally, the Claws Skill cannot be used against this player.' ),
( 'Monstrous Mouth',      'mutation',  false,  true,   E'When this player is activated, they may declare a Chomp Special Action; there is no limit to the number of players that can declare this Special Action each Turn. When this player declares a Chomp Special Action, they may select one Standing opposition player they are Marking and roll a D6. On a 1-2 nothing happens. On a 3+, the opposition player is considered to be Chomped. Whilst Chomped, the opposition player cannot leave the square they are in whilst this player remains Marking them.\nThis condition ends immediately if this player is no longer Marking the opposition player for any reason.\nThis player may use the Chomp Special Action to replace the Block Action made as part of a Blitz Action if they wish.\nAdditionally, the Strip Ball Skill cannot be used against this player.' ),
( 'Prehensile Tail',      'mutation',  false,  true,   E'When an opposition player attempts to Dodge, Jump or Leap away from a square in this player''s Tackle Zone, they apply an additional -1 modifier to the Agility Test.\nIf a player tries to leave the Tackle Zone of multiple players with this Skill at the same time, only one of those players may use this Skill.' ),
( 'Tentacles',            'mutation',  false,  true,   E'When an opposition player attempts to Dodge, Jump or Leap away from a square in this player''s Tackle Zone, this player may use this Skill. When a player uses this Skill they roll a D6 and add their Strength characteristic to the roll; they then subtract the Strength Characteristic of the opposition player from the result. If the result is 6 or higher, or the roll is a natural 6, then the opposition player does not leave the square they attempted to leave and their activation comes to an end. If the result is 5 or lower, or the roll is a natural 1, this Skill has no effect.\nIf a player tries to leave the Tackle Zone of multiple players with this Skill at the same time, only one of those players may use this Skill.' ),
( 'Two Heads',            'mutation',  false,  true,   E'This player may apply a +1 modifier to the Agility Test whenever they attempt to Dodge.' ),
( 'Very Long Legs',       'mutation',  false,  true,   E'This player may apply a +1 modifier to the Agility Test whenever they attempt to Leap or Jump, and may apply a +2 modifier to the Agility Test whenever they attempt to Intercept the ball.\nAdditionally, this player ignores the Cloud Burster Skill.' ),
( 'Accurate',             'passing',   false,  true,   E'When this player performs a Pass Action which is a Quick Pass or a Short Pass, this player may apply a +1 modifier to the Passing Ability Test.' ),
( 'Cannoneer',            'passing',   false,  true,   E'When this player performs a Pass Action which is a Long Pass or a Long Bomb, this player may apply a +1 modifier to the Passing Ability Test.' ),
( 'Cloud Burster',        'passing',   false,  true,   E'When this player performs a Pass Action, opposition players may not attempt to Intercept the ball.' ),
( 'Dump-off',             'passing',   false,  true,   E'Whenever an opposition player attempts to perform a Block Action against this player, or a Special Action that targets this player directly, this player may use this Skill. When they do, this player may immediately perform a Quick Pass before the Action targeting them is resolved. This Quick Pass cannot cause a Turnover, but otherwise follows all the normal rules for making a Quick Pass. Once the Quick Pass has been resolved, this Action targeting this player continues.' ),
( 'Give and Go',          'passing',   false,  true,   E'If this player performs a Pass Action that is a Quick Pass, or performs a Hand-off Action, then, so long as a Turnover isn''t caused, their activation does not end once the Pass or Hand-off is resolved. Instead, they may continue with their Move Action using any movement they have remaining.' ),
( 'Hail Mary Pass',       'passing',   false,  true,   E'When this player performs a Pass Action or a Throw Bomb Special Action, they may declare any square on the pitch as the target square rather than using the Range Ruler. Make a Passing Ability Test as normal treating the throw as a Long Bomb, and treating any result of an Accurate Pass as an Inaccurate Pass. A Hail Mary Pass cannot be Intercepted.' ),
( 'Leader',               'passing',   false,  false,  E'A team that has one or more players with this Skill on the pitch at the start of a half may gain a single extra Team Re-roll - this is called a Leader Re-roll. A team can only use a Leader Re-roll if they have a player with the Leader Skill on the pitch, and if all players with this Skill are removed from play, either as a Casualty or by being Sent-off, before the Leader Re-roll is used then it is lost.\nA Leader Re-roll follows all of the usual rules for standard Team Re-rolls, with the exception that it cannot be lost as a result of a Halfling Master Chef.' ),
( 'Nerves of Steel',      'passing',   false,  true,   E'This player may ignore any modifiers for being Marked when making an Agility Test to Catch the ball, or when making a Passing Ability Test to Pass the ball.' ),
( 'On the Ball',          'passing',   false,  true,   E'When an opposition player performs a Pass Action, after the target square has been declared but before the Passing Ability Test is rolled, this player may move up to 3 squares, following all the usual rules for a Move Action, with the exception that they cannot Rush. Should this player Fall Over during this move, then their move immediately ends and the Pass Action resumes. If multiple players have this Skill, then they may all use it during the same Pass Action, though they must do so one at a time, and if one of them Falls Over before the others have had the chance to move, then they may not do so.\nAdditionally, during the Start of Drive Sequence, after the Kick Deviates but before the Kick-off Event is rolled, a single Open player on the receiving team with this Skill may move up to 3 squares, following all the usual rules for a Move Action, with the exception that they cannot Rush. A player may not use this Skill if a Touchback is caused and may not move into the opposition half. Should this player Fall Over whilst using this Skill, their movement immediately ends and the Kick-off Event is rolled.' ),
( 'Pass',                 'passing',   false,  true,   E'This player may re-roll any failed Passing Ability Test when performing a Pass Action.' ),
( 'Punt',                 'passing',   false,  true,   E'This player may declare a Punt Special Action; only a single player may declare a Punt Special Action each Turn. When a player declares a Punt Special Action they are first allowed to make a Move Action, though they cannot continue to move after the Punt Special Action has been resolved.\nIf after their Move Action this player is in possession of the ball, they can Punt it downfield. Position the Throw-in Template over this player so it faces one of the two End Zones or either Sideline. Roll a D6 to determine the direction the ball is kicked, and then a second D6 to determine how many squares in that direction the ball will travel. If this player has the Kick Skill, they may re-roll either or both of these dice - though they must decide whether to re-roll the direction or not before rolling for the distance.\nIf the ball lands in a square containing a player, then they must attempt to Catch the ball, otherwise it will Bounce.\nWhen performing a Punt Special Action, no Turnover is caused if the ball comes to rest on the ground; however, if after the Punt Special Action is resolved the ball is in possession of an opposition player, or in the crowd, a Turnover is caused.' ),
( 'Safe Pass',            'passing',   false,  true,   E'If this player rolls a natural 1 when making a Passing Ability Test, then it will not result in a Fumbled Pass. Instead, the player retains possession of the ball and their activation immediately ends. No Turnover is caused.' ),
( 'Arm Bar',              'strength',  false,  true,   E'If an opposing player Falls Over as a result of attempting to Dodge, Leap or Jump away from a square in this player''s Tackle Zone, this player may use this Skill. If they do, they may apply a +1 modifier to either the Armour Roll or Injury Roll. This modifier may be applied after the roll has been made. If this results in the opposing player becoming Casualty as a result of the Dodge, Leap or Jump away from the player with this Skill, then this player will count as having caused that Casualty and will receive Star Player Points as appropriate.\nIf a player tries to leave the Tackle Zone of multiple players with this Skill at the same time, only one of those players may use this Skill.' ),
( 'Brawler',              'strength',  false,  true,   E'When this player declares a Block Action, they may re-roll a single Both Down result.' ),
( 'Break Tackle',         'strength',  false,  true,   E'Once per Turn, when this player attempts to Dodge, they may apply a +1 modifier to the Agility Test if they have a Strength characteristic of 3 or lower, a +2 modifier to the Agility Test if they have a Strength Characteristic of 4, or a +3 modifier to the Agility Test if they have a Strength Characteristic of 5 or higher.' ),
( 'Bullseye',             'strength',  false,  true,   E'When this player performs a Throw Team-mate Action, if the result of the throw is a Superb Throw then the thrown player will not Scatter before landing and will instead land in the target square.\nA player without the Throw Team-mate Trait cannot have this Skill.' ),
( 'Grab',                 'strength',  false,  true,   E'When this player declares a Block Action, if the opposition player is Pushed Back, then this player''s Coach may choose any unoccupied square adjacent to the target for them to be Pushed Back into. If there are no adjacent unoccupied squares, then this Skill cannot be used.\nAdditionally, when this player performs a Block Action, opposition players cannot use the Sidestep Skill.\nA player with this Skill cannot have the Frenzy Skill.' ),
( 'Guard',                'strength',  false,  true,   E'This player can provide Offensive and Defensive Assists when a player performs a Block Action regardless of how many opposition players are Marking this player.' ),
( 'Juggernaut',           'strength',  false,  true,   E'When this player declares a Blitz Action, they may treat any result of Both Down as Pushed Back during any Block Actions they perform during the Blitz Action.\nAdditionally, when this player performs a Block Action as part of a Blitz Action, opposition players cannot use the Fend, Stand Firm or Wrestle Skills.' ),
( 'Mighty Blow',          'strength',  true,  true,   'EWhenever this player Knocks Down an opposition player during a Block Action, even if this player is also Knocked Down, they may apply a +1 modifier to either the Armour Roll or Injury Roll. This modifier may be applied after the roll has been made.' ),
( 'Multiple Block',       'strength',  false,  true,   E'When this player declares a Block Action, they may perform two Block Actions each targeting a different opposition player they are Marking. If they do, then this player will reduce their Strength Characteristic by 2 for the duration of the Block Actions. These Block Actions happen simultaneously, though you may wish to roll them separately for clarity. This means that if both Block Actions are resolved in full, even if one of them results in a Turnover. This player cannot Follow-up during either of these Block Actions.\nA player with this Skill cannot also have the Frenzy Skill.' ),
( 'Stand Firm',           'strength',  false,  true,   E'When this player would be Pushed Back during a Block Action, including during a Chain Push, they can choose to not be Pushed Back and instead remain in their current square. Using this Skill will not prevent a player with the Frenzy Skill from performing a second Block Action, so long as this player is still Standing.' ),
( 'Strong Arm',           'strength',  false,  true,   E'When this player performs a Throw Team-mate Action, this player may apply a +1 modifier to the Passing Ability Test.\nA player without the Throw Team-mate Trait cannot have this Skill.' ),
( 'Thick Skull',          'strength',  false,  false,  E'When an Injury Roll is made for this player, they will only be Knocked-out on the roll of a 9; a roll of an 8 will be treated as a Stunned result. If this player also has the Stunty Trait, then they will only be Knocked-out on the roll of an 8; a roll of a 7 will be treated as a Stunned result.' ),
( 'Always Hungry',        'trait',     false,  true,   E'Whenever this player performs a Throw Team-mate Action, before making the Passing Ability Test, they must roll a D6. On a 2+, they may continue with the Throw Team-mate Action as normal. On a 1, the player will attempt to eat their team-mate - they must roll a further D6.\nOn a 2+, the team-mate will squirm free and the Throw Team-mate Action will automatically result in a Fumbled Throw. On a 1, the player will eat their team-mate - immediately remove them from your Team Draft List. No Apothecary can be used to save them, and no Regeneration rolls can be attempted. If the team-mate was in possession of the ball, it will bounce from the square they occupied. A Turnover is then caused.' ),
( 'Animal Savagery',      'trait',     false,  false,  E'Whenever this player is activated, after declaring their action they must roll a D6. They may apply a +2 modifier to the roll if they have declared a Block Action or a Blitz Action. On a 4+, the player may perform the declared action as normal.\nOn a 1‑3, this player lashes out at one of their team-mates. Choose one Standing team-mate adjacent to this player; the chosen player is immediately Knocked Down. This will not cause a Turnover unless the player was holding the ball. If this player has either the Claws or Mighty Blow Skill, then they must use them when making the Armour Roll for the Knocked Down player.\nIf this player rolls a 1‑3 and there are no Standing team-mates adjacent to them, then they are Distracted.' ),
( 'Animosity (All)',      'trait',     false,  true,   E'Whenever this player attempts to perform a Pass Action or a Hand-off Action to a team-mate with the same Keyword as the one shown in brackets, roll a D6. On a 1, the player refuses to perform the action and their activation immediately ends.\nSome players may have the Animosity (all) Trait, in which case they will apply this rule to all of their team-mates, regardless of the Keywords they have.' ),
( 'Ball & Chain',         'trait',     false,  true,   E'When this player is activated, the only action they can declare is a Ball & Chain Special Action; there is no limit to the number of players that can declare this Special Action each Turn.\nWhen a player performs a Ball & Chain Special Action, position the Throw-in Template over this player so it faces one of the two End Zones or either Sideline. Then roll a D6 and move this player into the square as indicated by the Throw-in Template.\nA player that moves in this manner does not have to make an Agility Test to Dodge away from another player''s Tackle Zone; they will automatically pass. Opposition players cannot use the Shadowing or Tentacles Skills against a player performing a Ball & Chain Action.' ),
( 'Bloodlust (2+)',       'trait',     false,  false,  E'A player performing a Ball & Chain Special Action can move a number of squares up to their MA. They may Rush as normal, though if they roll a 1, they will move into the square as normal first, including performing any Block Actions, Pushing Back any players or causing the ball to Bounce, before Falling Over in the square they have moved into.\nIf this player is Knocked Down, Falls Over or Placed Prone for any reason, immediately make an Injury Roll for them treating any result of Stunned as Knocked-out instead.\nA player with this Trait cannot have any of the following Skills: Diving Tackle, Eye Gouge, Frenzy, Grab, Hit & Run, Leap, Multiple Block, On the Ball, Shadowing, Steady Footing.\nWhenever this player is activated, after declaring their action, they must roll a D6, adding 1 to the roll if they declared a Block Action or a Blitz Action. If they roll equal to or higher than the number shown in brackets, they may activate as normal.\nIf the player rolls lower than the number shown in brackets, or rolls a natural 1, they may continue their activation as normal though they may change their declared action to a Move Action if they wish. If the player declared an Action that can only be performed once per Turn (such as a Blitz Action), this will still count as the one Blitz action for the Turn. At the end of their activation, this player may bite an adjacent Thrall Lineman team-mate regardless of the status of the Thrall Lineman.\nIf they do, immediately make an Injury Roll for the Thrall Lineman, treating any Casualty result as Badly Hurt; this will not cause a Turnover unless the Thrall Lineman was holding the ball. If this player does not bite a Thrall Lineman for any reason, then a Turnover is caused, this player becomes Distracted, and will immediately drop the ball if they were holding it. If this player was in the opposing End Zone, no Touchdown is scored. If a player who failed this roll wants to perform a Pass Action, Hand-off Action, or score, then they must bite a Thrall Lineman before they perform the Action or score.' ),
( 'Bloodlust (3+)',       'trait',     false,  false,  E'A player performing a Ball & Chain Special Action can move a number of squares up to their MA. They may Rush as normal, though if they roll a 1, they will move into the square as normal first, including performing any Block Actions, Pushing Back any players or causing the ball to Bounce, before Falling Over in the square they have moved into.\nIf this player is Knocked Down, Falls Over or Placed Prone for any reason, immediately make an Injury Roll for them treating any result of Stunned as Knocked-out instead.\nA player with this Trait cannot have any of the following Skills: Diving Tackle, Eye Gouge, Frenzy, Grab, Hit & Run, Leap, Multiple Block, On the Ball, Shadowing, Steady Footing.\nWhenever this player is activated, after declaring their action, they must roll a D6, adding 1 to the roll if they declared a Block Action or a Blitz Action. If they roll equal to or higher than the number shown in brackets, they may activate as normal.\nIf the player rolls lower than the number shown in brackets, or rolls a natural 1, they may continue their activation as normal though they may change their declared action to a Move Action if they wish. If the player declared an Action that can only be performed once per Turn (such as a Blitz Action), this will still count as the one Blitz action for the Turn. At the end of their activation, this player may bite an adjacent Thrall Lineman team-mate regardless of the status of the Thrall Lineman.\nIf they do, immediately make an Injury Roll for the Thrall Lineman, treating any Casualty result as Badly Hurt; this will not cause a Turnover unless the Thrall Lineman was holding the ball. If this player does not bite a Thrall Lineman for any reason, then a Turnover is caused, this player becomes Distracted, and will immediately drop the ball if they were holding it. If this player was in the opposing End Zone, no Touchdown is scored. If a player who failed this roll wants to perform a Pass Action, Hand-off Action, or score, then they must bite a Thrall Lineman before they perform the Action or score.' ),
( 'Bombardier',           'trait',     false,  true,   E'When this player is activated, they can declare a Throw Bomb Special Action; only one player can declare this Special Action each Turn.\nWhen a player performs a Throw Bomb Special Action, they throw a bomb in the same manner as when a player performs a Pass Action, following all the usual rules for a Pass Action. Though this is not a Pass Action itself, any Skills or Traits that come into play when a player performs a Pass Action will also apply to a Throw Bomb Special Action, with the exception of the On the Ball Skill. A player that declared a Throw Bomb Special Action may not perform a Move Action before throwing the bomb.\nIf at any point a bomb comes to rest on the ground then it will immediately explode in that square. Should a bomb be fumbled by the thrower, or dropped when a player attempts to Catch it, then it will not Bounce and will instead explode in that player''s square. When a bomb explodes, any player in the square it exploded in is hit by the explosion. Additionally, roll a D6 for each player adjacent to the square in which the bomb exploded. On a 4+, they are hit by the explosion.\nAny Standing player that is hit by the explosion is immediately Knocked Down. Additionally, make an Armour Roll for any Prone or Stunned players hit by the explosion.\nIf a player successfully Catches or Intercepts a thrown bomb, the player that caught the bomb must immediately throw it again, following all the same rules for making a Throw Bomb Special Action as described above.\nThe Bretonnian Squire rolls a 4 to Catch the bomb, which is a success. Because the Squire has caught the bomb, they must now immediately throw the bomb again. Unfortunately, the Squire rolls a 1 and fumbles the bomb, causing it to blow up in their square.' ),
( 'Bone Head',            'trait',     false,  false,  E'Whenever this player is activated, after declaring their Action they must roll a D6. On a 2+, the player may perform the declared Action as normal. On a 1, the player becomes Distracted.' ),
( 'Breathe Fire',         'trait',     false,  true,   E'When this player is activated, they can declare a Breathe Fire Special Action; there is no limit to the number of players that can declare a Special Action each Turn.\nWhen a player makes a Breathe Fire Special Action, they may choose one Standing opposition player they are Marking and roll a D6, applying a -1 modifier if the target has an ST of 5 or higher. On a 1, this player is immediately Knocked Down. On a 2-3, nothing happens. On a 4+, the opposition player is immediately Placed Prone. If the roll is a natural 6, the opposition player is Knocked Down instead. After the Breathe Fire Special Action has been resolved, this player''s activation immediately ends.\nThis player may use the Breathe Fire Special Action to replace the Block Action made as part of a Blitz Action if they wish, though their activation will still end as soon as they have performed the Breathe Fire Special Action.' ),
( 'Chainsaw',             'trait',     false,  true,   E'When this player is activated, they can declare a Chainsaw Attack Special Action; there is no limit to the number of players that can declare this Special Action each Turn.\nWhen a player performs a Chainsaw Attack Special Action, roll a D6. On a 2+, this player immediately makes an Armour Roll against one opposition player they are Marking, applying a +3 modifier to the Armour Roll.\nOn a 1, the Chainsaw will Kick-back and this player is Knocked Down instead.\nIf this player is Knocked Down or Falls Over for any reason, regardless of how it occurred, then a +3 modifier is applied when the opposition Coach makes an Armour Roll for this player. This +3 modifier must always be applied.\nShould they wish, this player may also use their chainsaw when performing a Foul Action, in which case they may apply a +3 modifier when making the Armour Roll for the opposition player. They will still need to roll for Kick-back as normal.\nThis player may use the Chainsaw Attack Special Action to replace the Block Action made as part of a Blitz Action if they wish, though their activation will still end as soon as they have performed the Chainsaw Attack Special Action.' ),
( 'Decay',                'trait',     false,  false,  E'Apply a +1 modifier to any Casualty Roll made against this player.' ),
( 'Drunkard',             'trait',     false,  false,  E'This player applies a -1 modifier to test whenever they attempt to Rush.' ),
( 'Hatred',               'trait',     false,  false,  E'Whenever this player performs a Block Action against a player with the same keyword as that shown in brackets, this player may re-roll a single Player Down result.' ),
( 'Hatred (Troll)',       'trait',     false,  false,  E'Whenever this player performs a Block Action against a player with the same keyword as that shown in brackets, this player may re-roll a single Player Down result.' ),
( 'Hatred (Big Guy)',     'trait',     false,  false,  E'Whenever this player performs a Block Action against a player with the same keyword as that shown in brackets, this player may re-roll a single Player Down result.' ),
( 'Hatred (Dwarf)',       'trait',     false,  false,  E'Whenever this player performs a Block Action against a player with the same keyword as that shown in brackets, this player may re-roll a single Player Down result.' ),
( 'Hatred (Undead)',      'trait',     false,  false,  E'Whenever this player performs a Block Action against a player with the same keyword as that shown in brackets, this player may re-roll a single Player Down result.' ),
( 'Hypnotic Gaze',        'trait',     false,  true,   E'When this player is activated, they can declare a Hypnotic Gaze Special Action; there is no limit to the number of players that can declare this Special Action each Turn. When a player declares a Hypnotic Gaze Special Action they are first allowed to make a Move Action, though they cannot continue to move after the Hypnotic Gaze Special Action has been attempted.\nWhen a player performs a Hypnotic Gaze Special Action, they select a Standing opposition player adjacent to them and roll a D6. On a 1-2, nothing happens and this player''s activation immediately ends. On a 3+, the selected opposition player becomes Distracted and this player''s activation immediately ends.' ),
( 'Insignificant',        'trait',     false,  false,  E'When creating a Team Draft List, you may not include more players with this Trait than players without this Trait.' ),
( 'Kick Team-mate',       'trait',     false,  false,  E'When this player is activated, they can declare a Kick Team-mate Special Action; only one player can declare this Special Action each Turn.\nA Kick Team-mate Special Action works exactly the same as a Throw Team-mate Action, with the following exceptions:\nPerforming a Kick Team-mate Special Action does not count as a team''s Throw Team-mate Action for the Turn, and so a team can perform both a Kick Team-mate Special Action and a Throw Team-mate Action in the same Turn if they wish.\nHowever, if a Kick Team-mate Special Action results in a Fumbled Throw, immediately make an Injury Roll for the team-mate being kicked, treating any result of Stunned as Knocked Out.\nIf the kicked player was holding the ball, it will Bounce from the square they were in.\nAny Skills or Traits that come into play when a player performs a Throw Team-mate Action will also apply to a Kick Team-mate Special Action.\nThis player will also gain Star Player Points in the same manner as a Throw Team-mate Action.' ),
( 'Loner (3+)',           'trait',     false,  false,  E'Whenever this player wishes to use a Team Re-roll, they must roll a D6. If they roll equal to or higher than the number shown in brackets, then they may use the Team Re-roll as normal.\nIf they roll lower than the number shown in brackets, then they may not re-roll the dice and the Team Re-roll is lost just as if it had been used.' ),
( 'Loner (4+)',           'trait',     false,  false,  E'Whenever this player wishes to use a Team Re-roll, they must roll a D6. If they roll equal to or higher than the number shown in brackets, then they may use the Team Re-roll as normal.\nIf they roll lower than the number shown in brackets, then they may not re-roll the dice and the Team Re-roll is lost just as if it had been used.' ),
( 'My Ball',              'trait',     false,  false,  E'A player with this Trait may not willingly give up the ball when in possession of it, and so may not declare Pass Actions, Hand-off Actions, or use any other Skill or Trait that would allow them to relinquish possession of the ball. The only way they can lose possession of the ball is by being Knocked Down, Placed Prone, Falling Over or by the effect of a Skill, Trait, or special rule of an opposing model.' ),
( 'No Ball',              'trait',     false,  false,  E'A player with this Trait may never have possession of the ball. If this player would be required to attempt to Catch or Pick-up the Ball, they will automatically fail to do so as if they had rolled a natural 1.\nA player with this Trait may not attempt to Intercept a Pass.' ),
( 'Pick-me-up',           'trait',     false,  true,   E'At the end of each of the opposition''s Turns, roll a D6 for each Prone team-mate within 3 squares of one or more Standing players with this Trait. On a 5+, the Prone player may immediately stand up. Should a player with this Trait stand up as a result of a team-mate using this Trait, they may not also use this Trait during the same Turn.' ),
( 'Plague Ridden',        'trait',     false,  false,  E'Once per game, when a player with this Trait causes a Casualty against an opposition player as a result of a Block Action, and that player suffers a Dead result on their Casualty Roll and is not saved by an Apothecary, you may immediately add one new Lineman player from your team''s Team Roster to your Reserves Box. This may cause your team to have more than 16 players for the remainder of the game.\nDuring the Post-game Sequence, this player may be hired in the same manner as any Journeyman players.\nThis Trait cannot be used against Big Guy players, or any player with the Decay, Regeneration or Stunty Traits.' ),
( 'Pogo',                 'trait',     false,  true,   E'During their movement, a player with this Trait can attempt to Pogo over a single adjacent square regardless of what is in the square. Pogoing works the same way as Jumping, as described on page 56, with the exception that the Pogoing player may ignore all negative modifiers they would receive by Jumping.\nA player with this Trait cannot also have the Leap Skill.' ),
( 'Projectile Vomit',     'trait',     false,  true,   E'When this player is activated, they can declare a Projectile Vomit Special Action; there is no limit to the number of players that can declare this Special Action each Turn.\nWhen this player performs a Projectile Vomit Special Action, select a Standing opposition player adjacent to this player and roll a D6. On a 2+, this player hits the opposition player with a gout of acidic bile. Make an Armour Roll for the targeted player. This Armour Roll cannot be modified in any way. If the player''s armour is broken, make an Injury Roll for them, otherwise nothing happens.\nOn a 1, this player covers themselves in acidic bile; make an Armour Roll for this player. This Armour Roll cannot be modified in any way. If this player''s armour is broken, make an Injury Roll for them, otherwise nothing happens.\nThis player may use the Projectile Vomit Special Action to replace the Block Action made as part of a Blitz Action if they wish, though their activation will still end as soon as they have performed the Projectile Vomit Special Action.' ),
( 'Really Stupid',        'trait',     false,  false,  E'Whenever this player is activated, after declaring their Action, they must roll a D6. They may apply a +2 modifier to the roll if they have any Standing team-mates who are not Distracted, and do not have the Really Stupid Trait, adjacent to them. On a 4+, the player may perform the declared Action as normal. On a 1‑3, this player becomes Distracted.' ),
( 'Regeneration',         'trait',     false,  false,  E'Whenever this player suffers a Casualty, before making the Casualty Roll for them, roll a D6.\nOn a 1‑3, this player suffers the Casualty; make the Casualty Roll as normal. On a 4+, this player regenerates and ignores the Casualty (though any Star Player Points earned for causing the Casualty are still earned) and is instead placed in their team''s Reserves Box.' ),
( 'Right Stuff',          'trait',     false,  false,  E'This player can be thrown by a team-mate with the Throw Team-mate Trait, even if this player is Prone.' ),
( 'Secret Weapon',        'trait',     false,  false,  E'At the end of a Drive in which this player took part, even if they are not on the pitch at the end of the Drive, they are Sent-off for committing a Foul.' ),
( 'Stab',                 'trait',     false,  true,   E'When this player is activated, they can declare a Stab Special Action; there is no limit to the number of players that can declare this Special Action each Turn.\nWhen this player performs a Stab Special Action, select a Standing opposition player adjacent to this player and make an Armour Roll for the selected player. This Armour Roll cannot be modified in any way. If the player''s Armour is broken, make an Injury Roll for them, otherwise nothing happens.\nThis player may use the Stab Special Action to replace the Block Action made as part of a Blitz Action if they wish, though their activation will still end as soon as they have performed the Stab Special Action.' ),
( 'Stunty',               'trait',     false,  false,  E'When this player attempts to Dodge, they do not suffer any negative modifiers to their Agility Test for being Marked by opposition players.\nAdditionally, this player applies a -1 modifier to the Agility Test when attempting to Intercept the ball.\nA player with this Trait is more prone to injury and so if an Injury Roll is made for them, roll on the Stunty Injury Table instead.' ),
( 'Swoop',                'trait',     false,  true,   E'When this player is thrown by a Throw Team-mate Action, they may choose not to Scatter before landing as normal. If they do, position the Throw-in Template over this player so it faces one of the two End Zones or either Sideline. Roll a D6 to determine the direction this player will travel, and then a second die to determine how many squares in that direction this player will travel.\nAdditionally, if they choose not to Scatter as normal, this player may re-roll the Agility Test when attempting to land.' ),
( 'Take Root',            'trait',     false,  false,  E'Whenever this player is activated, after declaring their Action, if they are Standing they must roll a D6. On a 2+, the player may perform the declared Action as normal.\nOn a 1, the player becomes Rooted. Whilst Rooted, a player cannot perform Move Actions, may not Follow-up after performing a Block Action, cannot be Pushed Back, and may not leave their current square for any reason, with the exception of being Knocked Out or suffering a Casualty.\nA Rooted player will immediately stop being Rooted at the end of a Drive, or if they are ever Knocked Down or Placed Prone.' ),
( 'Throw Team-mate',      'trait',     false,  true,   E'This player may declare the Throw Team-mate Action as described on page 76.' ),
( 'Timmm-ber!',           'trait',     false,  false,  E'If this player has an MA of 2 or less and attempts to stand up, apply a +1 modifier to the roll for standing up for each Open Standing team-mate adjacent to this player. A roll of a natural 1 will still fail as normal.' ),
( 'Titchy',               'trait',     false,  false,  E'A player with this Trait may apply a +1 modifier to the Agility Test when attempting to Dodge.\nHowever, when an opposition player attempts to Dodge into a square within this player''s Tackle Zone, this player will not apply a -1 modifier to the opposition player''s Agility Test for Marking the opposition player.' ),
( 'Trickster',            'trait',     false,  true,   E'Whenever an opposition player attempts to perform a Block Action against this player, or a Special Action that targets this player directly (with the exception of a Block Action caused by the Ball & Chain Special Action), this player may use this Trait.\nBefore determining how many dice are rolled, this player may be removed from the pitch and placed in any other unoccupied square adjacent to the player performing the Action. The Action then takes place as normal. If the player using this Trait is holding the ball and places themselves in the opposition End Zone, the Action will still be fully resolved before any touchdown is resolved.\nIf this player uses this Trait to be placed on the ball, they may attempt to pick it up before any dice are rolled.' ),
( 'Unchannelled Fury',    'trait',     false,  false,  E'Whenever this player is activated, after declaring their Action, they must roll a D6. They may apply a +2 modifier to the roll if they have declared a Block Action or a Blitz Action. On a 4+, the player may perform the declared Action as normal.\nOn a 1‑3, this player rages incoherently but nothing really happens. Their activation immediately ends.' ),
( 'Unsteady',             'trait',     false,  false,  E'This player may not declare Secure the Ball Actions.' )
;

-- SKILL RELATION
INSERT INTO public.skill_relation (skill_name_a, skill_name_b, type) VALUES
( 'Frenzy',             'Grab',              'conflicts' ),
( 'Frenzy',             'Hit and Run',       'conflicts' ),
( 'Frenzy',             'Multiple Block',    'conflicts' ),
( 'Leap',               'Pogo',              'conflicts' ),
( 'Ball & Chain',       'Diving Tackle',     'conflicts' ),
( 'Ball & Chain',       'Eye Gouge',         'conflicts' ),
( 'Ball & Chain',       'Frenzy',            'conflicts' ),
( 'Ball & Chain',       'Grab',              'conflicts' ),
( 'Ball & Chain',       'Hit and Run',       'conflicts' ),
( 'Ball & Chain',       'Leap',              'conflicts' ),
( 'Ball & Chain',       'Multiple Block',    'conflicts' ),
( 'Ball & Chain',       'On the Ball',       'conflicts' ),
( 'Ball & Chain',       'Shadowing',         'conflicts' ),
( 'Ball & Chain',       'Steady Footing',    'conflicts' ),
( 'Lethal Flight',      'Right Stuff',       'requires' ),
( 'Saboteur',           'Secret Weapon',     'requires' ),
( 'Violent Innovator',  'Ball & Chain',      'requires' ),
( 'Violent Innovator',  'Bombardier',        'requires' ),
( 'Violent Innovator',  'Breathe Fire',      'requires' ),
( 'Violent Innovator',  'Chainsaw',          'requires' ),
( 'Violent Innovator',  'Kick Team-mate',    'requires' ),
( 'Violent Innovator',  'Projectile Vomit',  'requires' ),
( 'Violent Innovator',  'Stab',              'requires' ),
( 'Violent Innovator',  'Throw Team-mate',   'requires' ),
( 'Bullseye',           'Throw Team-mate',   'requires' ),
( 'Strong Arm',         'Throw Team-mate',   'requires' )
;

-- SKILL TO POSITION
INSERT INTO public.skill_to_position (skill_name, position_id) VALUES
( 'Dodge',                'FETXHaNhShGJu7F' ),
( 'Dodge',                '8jkasnfj4c5LxqF' ),
( 'On the Ball',          '8jkasnfj4c5LxqF' ),
( 'Pass',                 '8jkasnfj4c5LxqF' ),
( 'Safe Pass',            '8jkasnfj4c5LxqF' ),
( 'Dodge',                'tsXqtIvZGVc7ygy' ),
( 'Hit and Run',          'tsXqtIvZGVc7ygy' ),
( 'Jump Up',              'tsXqtIvZGVc7ygy' ),
( 'Defensive',            'eDKjAMCjDJ9EfJF' ),
( 'Dodge',                'eDKjAMCjDJ9EfJF' ),
( 'Dodge',                'pBd56XJUALg6m9N' ),
( 'Right Stuff',          'pBd56XJUALg6m9N' ),
( 'Stunty',               'pBd56XJUALg6m9N' ),
( 'Thick Skull',          'pBd56XJUALg6m9N' ),
( 'Brawler',              '7Ykuan5dMxOE9V3' ),
( 'Grab',                 '7Ykuan5dMxOE9V3' ),
( 'Always Hungry',        'mRjcoJJzXXTHsvS' ),
( 'Mighty Blow',          'mRjcoJJzXXTHsvS' ),
( 'Projectile Vomit',     'mRjcoJJzXXTHsvS' ),
( 'Really Stupid',        'mRjcoJJzXXTHsvS' ),
( 'Regeneration',         'mRjcoJJzXXTHsvS' ),
( 'Throw Team-mate',      'mRjcoJJzXXTHsvS' ),
( 'Wrestle',              'UgQ48CzayfFqctL' ),
( 'Catch',                'UvDA7kethNfv2mp' ),
( 'Dauntless',            'UvDA7kethNfv2mp' ),
( 'Nerves of Steel',      'UvDA7kethNfv2mp' ),
( 'Dauntless',            'Al2fyIbFkOquaWY' ),
( 'Nerves of Steel',      'Al2fyIbFkOquaWY' ),
( 'Pass',                 'Al2fyIbFkOquaWY' ),
( 'Block',                'H8ykeEdo7FDadz1' ),
( 'Dauntless',            'H8ykeEdo7FDadz1' ),
( 'Steady Footing',       'H8ykeEdo7FDadz1' ),
( 'Horns',                'BjRwwYH5KHYpA5V' ),
( 'Thick Skull',          'BjRwwYH5KHYpA5V' ),
( 'Arm Bar',              'iSEZ5LLgOPqJVxj' ),
( 'Always Hungry',        'ZSFMI4vgKiRwGoK' ),
( 'Loner (4+)',           'ZSFMI4vgKiRwGoK' ),
( 'Mighty Blow',          'ZSFMI4vgKiRwGoK' ),
( 'Projectile Vomit',     'ZSFMI4vgKiRwGoK' ),
( 'Really Stupid',        'ZSFMI4vgKiRwGoK' ),
( 'Regeneration',         'ZSFMI4vgKiRwGoK' ),
( 'Throw Team-mate',      'ZSFMI4vgKiRwGoK' ),
( 'Bone Head',            'AjrPSFfDbA2zuUE' ),
( 'Loner (4+)',           'AjrPSFfDbA2zuUE' ),
( 'Mighty Blow',          'AjrPSFfDbA2zuUE' ),
( 'Thick Skull',          'AjrPSFfDbA2zuUE' ),
( 'Throw Team-mate',      'AjrPSFfDbA2zuUE' ),
( 'Frenzy',               'adEAVtp4pR2nDby' ),
( 'Horns',                'adEAVtp4pR2nDby' ),
( 'Loner (4+)',           'adEAVtp4pR2nDby' ),
( 'Mighty Blow',          'adEAVtp4pR2nDby' ),
( 'Thick Skull',          'adEAVtp4pR2nDby' ),
( 'Unchannelled Fury',    'adEAVtp4pR2nDby' ),
( 'Shadowing',            '2NSdFcfsbWge77I' ),
( 'Stab',                 '2NSdFcfsbWge77I' ),
( 'Block',                'UXkSErAGg73zxPj' ),
( 'Iron Hard Skin',       'UXkSErAGg73zxPj' ),
( 'Thick Skull',          'UXkSErAGg73zxPj' ),
( 'Brawler',              'U1JCE3uiuoeaMxu' ),
( 'Breathe Fire',         'U1JCE3uiuoeaMxu' ),
( 'Disturbing Presence',  'U1JCE3uiuoeaMxu' ),
( 'Thick Skull',          'U1JCE3uiuoeaMxu' ),
( 'Sprint',               'BSw8z3sCFhaQ7Qi' ),
( 'Sure Feet',            'BSw8z3sCFhaQ7Qi' ),
( 'Thick Skull',          'BSw8z3sCFhaQ7Qi' ),
( 'Unsteady',             'BSw8z3sCFhaQ7Qi' ),
( 'Frenzy',               'Y2QCdffoLYi46NM' ),
( 'Horns',                'Y2QCdffoLYi46NM' ),
( 'Loner (4+)',           'Y2QCdffoLYi46NM' ),
( 'Mighty Blow',          'Y2QCdffoLYi46NM' ),
( 'Thick Skull',          'Y2QCdffoLYi46NM' ),
( 'Animosity (All)',	  'w12QcgfZZlSf8FC' ),
( 'Animosity (All)',      'Wq0YVIevFGVi1e7' ),
( 'Dodge',                'Wq0YVIevFGVi1e7' ),
( 'Right Stuff',          'Wq0YVIevFGVi1e7' ),
( 'Stunty',               'Wq0YVIevFGVi1e7' ),
( 'Animosity (All)',      'ZRFpGZKsqSPh6pk' ),
( 'Animosity (All)',      'NUSX0Pi5iN4EV2O' ),
( 'Animosity (All)',      'p4nQuEV9YkQ5kRE' ),
( 'Animosity (All)',      'IXbUpi4HKWLY87e' ),
( 'Pass',                 'IXbUpi4HKWLY87e' ),
( 'Sure Hands',           'IXbUpi4HKWLY87e' ),
( 'Always Hungry',        'oxIdsJv0k8z7y8j' ),
( 'Loner (4+)',           'oxIdsJv0k8z7y8j' ),
( 'Mighty Blow',          'oxIdsJv0k8z7y8j' ),
( 'Projectile Vomit',     'oxIdsJv0k8z7y8j' ),
( 'Really Stupid',        'oxIdsJv0k8z7y8j' ),
( 'Regeneration',         'oxIdsJv0k8z7y8j' ),
( 'Throw Team-mate',      'oxIdsJv0k8z7y8j' ),
( 'Bone Head',            'efHYUCp1Amj6SEs' ),
( 'Loner (4+)',           'efHYUCp1Amj6SEs' ),
( 'Mighty Blow',          'efHYUCp1Amj6SEs' ),
( 'Thick Skull',          'efHYUCp1Amj6SEs' ),
( 'Throw Team-mate',      'efHYUCp1Amj6SEs' ),
( 'Frenzy',               '1FRzIMbQvkOOPcm' ),
( 'Horns',                '1FRzIMbQvkOOPcm' ),
( 'Loner (4+)',           '1FRzIMbQvkOOPcm' ),
( 'Mighty Blow',          '1FRzIMbQvkOOPcm' ),
( 'Thick Skull',          '1FRzIMbQvkOOPcm' ),
( 'Unchannelled Fury',    '1FRzIMbQvkOOPcm' ),
( 'Animal Savagery',      'g0CKNFs5jGPiyUW' ),
( 'Frenzy',               'g0CKNFs5jGPiyUW' ),
( 'Loner (4+)',           'g0CKNFs5jGPiyUW' ),
( 'Mighty Blow',          'g0CKNFs5jGPiyUW' ),
( 'Prehensile Tail',      'g0CKNFs5jGPiyUW' ),
( 'Dump-off',             'WFpdAfQO3xST5Vd' ),
( 'Punt',                 'WFpdAfQO3xST5Vd' ),
( 'Hit and Run',          'evQjxMNl4j8xIw6' ),
( 'Shadowing',            'evQjxMNl4j8xIw6' ),
( 'Stab',                 'evQjxMNl4j8xIw6' ),
( 'Block',                'T4jxpIoWu7aoI2E' ),
( 'Dodge',                'N1HC2oZHAtGgZtK' ),
( 'Frenzy',               'N1HC2oZHAtGgZtK' ),
( 'Jump Up',              'N1HC2oZHAtGgZtK' ),
( 'Block',                'rKLt6FrjUjrZE03' ),
( 'Defensive',            'rKLt6FrjUjrZE03' ),
( 'Thick Skull',          'rKLt6FrjUjrZE03' ),
( 'Sprint',               'CH7I8SWRTg2neFD' ),
( 'Sure Hands',           'CH7I8SWRTg2neFD' ),
( 'Thick Skull',          'CH7I8SWRTg2neFD' ),
( 'Block',                'DY0z4kg1K25EIIv' ),
( 'Diving Tackle',        'DY0z4kg1K25EIIv' ),
( 'Tackle',               'DY0z4kg1K25EIIv' ),
( 'Thick Skull',          'DY0z4kg1K25EIIv' ),
( 'Block',                '9WrjYDFozrk57SU' ),
( 'Dauntless',            '9WrjYDFozrk57SU' ),
( 'Frenzy',               '9WrjYDFozrk57SU' ),
( 'Hatred (Troll)',       '9WrjYDFozrk57SU' ),
( 'Thick Skull',          '9WrjYDFozrk57SU' ),
( 'Break Tackle',         'x27cOTFguWPd83M' ),
( 'Dirty Player',         'x27cOTFguWPd83M' ),
( 'Juggernaut',           'x27cOTFguWPd83M' ),
( 'Loner (4+)',           'x27cOTFguWPd83M' ),
( 'Mighty Blow',          'x27cOTFguWPd83M' ),
( 'No Ball',              'x27cOTFguWPd83M' ),
( 'Secret Weapon',        'x27cOTFguWPd83M' ),
( 'Stand Firm',           'x27cOTFguWPd83M' ),
( 'Fumblerooski',         'HBlr4rdiz4lHJJw' ),
( 'Hail Mary Pass',       '7Rt1sII7cqXsvFP' ),
( 'Pass',                 '7Rt1sII7cqXsvFP' ),
( 'Catch',                'ukbVMRgSDQZL29I' ),
( 'Diving Catch',         'ukbVMRgSDQZL29I' ),
( 'Nerves of Steel',      'ukbVMRgSDQZL29I' ),
( 'Block',                '0VxXriteG9JFgDZ' ),
( 'Sidestep',             '0VxXriteG9JFgDZ' ),
( 'Jump Up',              'JJJKN0zdVzbG33Q' ),
( 'Right Stuff',          'JJJKN0zdVzbG33Q' ),
( 'Stunty',               'JJJKN0zdVzbG33Q' ),
( 'Wrestle',              'JJJKN0zdVzbG33Q' ),
( 'Dodge',                '3XljnPQh269hqmr' ),
( 'My Ball',              '3XljnPQh269hqmr' ),
( 'Sidestep',             '3XljnPQh269hqmr' ),
( 'Stunty',               '3XljnPQh269hqmr' ),
( 'Jump Up',              'bSlFzLfUAfKvMub' ),
( 'Stunty',               'bSlFzLfUAfKvMub' ),
( 'Trickster',            'bSlFzLfUAfKvMub' ),
( 'Wrestle',              'bSlFzLfUAfKvMub' ),
( 'Guard',                '0dn5ivPfggXwllI' ),
( 'Jump Up',              '0dn5ivPfggXwllI' ),
( 'Stunty',               '0dn5ivPfggXwllI' ),
( 'Wrestle',              '0dn5ivPfggXwllI' ),
( 'Mighty Blow',          'zxCnROzxz47MYlY' ),
( 'Stand Firm',           'zxCnROzxz47MYlY' ),
( 'Strong Arm',           'zxCnROzxz47MYlY' ),
( 'Take Root',            'zxCnROzxz47MYlY' ),
( 'Thick Skull',          'zxCnROzxz47MYlY' ),
( 'Throw Team-mate',      'zxCnROzxz47MYlY' ),
( 'Timmm-ber!',           'zxCnROzxz47MYlY' ),
( 'Dodge',                'U0cDh82vAEHxsho' ),
( 'Right Stuff',          'U0cDh82vAEHxsho' ),
( 'Stunty',               'U0cDh82vAEHxsho' ),
( 'Chainsaw',             'WCaP4VZ4hji2VwH' ),
( 'No Ball',              'WCaP4VZ4hji2VwH' ),
( 'Secret Weapon',        'WCaP4VZ4hji2VwH' ),
( 'Stunty',               'WCaP4VZ4hji2VwH' ),
( 'Bombardier',           'ukfVVtJDA185wOa' ),
( 'Dodge',                'ukfVVtJDA185wOa' ),
( 'Secret Weapon',        'ukfVVtJDA185wOa' ),
( 'Stunty',               'ukfVVtJDA185wOa' ),
( 'Dirty Player',         'VCs3RBZkQz3Xzhr' ),
( 'Disturbing Presence',  'VCs3RBZkQz3Xzhr' ),
( 'Dodge',                'VCs3RBZkQz3Xzhr' ),
( 'Right Stuff',          'VCs3RBZkQz3Xzhr' ),
( 'Stunty',               'VCs3RBZkQz3Xzhr' ),
( 'Taunt',                'VCs3RBZkQz3Xzhr' ),
( 'Dodge',                'y6Yx0NaDYFVvahu' ),
( 'Right Stuff',          'y6Yx0NaDYFVvahu' ),
( 'Stunty',               'y6Yx0NaDYFVvahu' ),
( 'Swoop',                'y6Yx0NaDYFVvahu' ),
( 'Ball & Chain',         'Yl1dWLXXtGcG5jf' ),
( 'No Ball',              'Yl1dWLXXtGcG5jf' ),
( 'Secret Weapon',        'Yl1dWLXXtGcG5jf' ),
( 'Stunty',               'Yl1dWLXXtGcG5jf' ),
( 'Dodge',                'EbACq1RRJGQh5tq' ),
( 'Pogo',                 'EbACq1RRJGQh5tq' ),
( 'Stunty',               'EbACq1RRJGQh5tq' ),
( 'Always Hungry',        'ujPDt74CbU1LECG' ),
( 'Mighty Blow',          'ujPDt74CbU1LECG' ),
( 'Projectile Vomit',     'ujPDt74CbU1LECG' ),
( 'Really Stupid',        'ujPDt74CbU1LECG' ),
( 'Regeneration',         'ujPDt74CbU1LECG' ),
( 'Throw Team-mate',      'ujPDt74CbU1LECG' ),
( 'Dodge',                'OAsUHXDf3Nnf39j' ),
( 'Right Stuff',          'OAsUHXDf3Nnf39j' ),
( 'Stunty',               'OAsUHXDf3Nnf39j' ),
( 'Dodge',                'OgWwXBMJMhgvJha' ),
( 'Fend',                 'OgWwXBMJMhgvJha' ),
( 'Stunty',               'OgWwXBMJMhgvJha' ),
( 'Catch',                'kLHYFZ92GGcnHAj' ),
( 'Dodge',                'kLHYFZ92GGcnHAj' ),
( 'Right Stuff',          'kLHYFZ92GGcnHAj' ),
( 'Sprint',               'kLHYFZ92GGcnHAj' ),
( 'Stunty',               'kLHYFZ92GGcnHAj' ),
( 'Mighty Blow',          'Y8SIEavVeSxq9iH' ),
( 'Stand Firm',           'Y8SIEavVeSxq9iH' ),
( 'Strong Arm',           'Y8SIEavVeSxq9iH' ),
( 'Take Root',            'Y8SIEavVeSxq9iH' ),
( 'Thick Skull',          'Y8SIEavVeSxq9iH' ),
( 'Throw Team-mate',      'Y8SIEavVeSxq9iH' ),
( 'Timmm-ber!',           'Y8SIEavVeSxq9iH' ),
( 'Cloud Burster',        'wF3cfLzjK9NB8B3' ),
( 'Pass',                 'wF3cfLzjK9NB8B3' ),
( 'Safe Pass',            'wF3cfLzjK9NB8B3' ),
( 'Catch',                'uA7SaXLu21sPtRr' ),
( 'Block',                'NBZlj6UR84CUveL' ),
( 'Dodge',                'DkHCNswaLmdhUBo' ),
( 'Right Stuff',          'DkHCNswaLmdhUBo' ),
( 'Stunty',               'DkHCNswaLmdhUBo' ),
( 'Catch',                '8Ehd9GyP9NGXmG0' ),
( 'Dodge',                '8Ehd9GyP9NGXmG0' ),
( 'Pass',                 'rD2oixmTHCbBeaj' ),
( 'Sure Hands',           'rD2oixmTHCbBeaj' ),
( 'Block',                'urcB7cnfiKQLwoV' ),
( 'Tackle',               'urcB7cnfiKQLwoV' ),
( 'Bone Head',            'rT6Ga8I2Pr5Lziw' ),
( 'Loner (3+)',           'rT6Ga8I2Pr5Lziw' ),
( 'Mighty Blow',          'rT6Ga8I2Pr5Lziw' ),
( 'Thick Skull',          'rT6Ga8I2Pr5Lziw' ),
( 'Throw Team-mate',      'rT6Ga8I2Pr5Lziw' ),
( 'Fend',                 '344LgNxbjttEADz' ),
( 'Give and Go',          'ZFTBwRI5sj5jqtC' ),
( 'Pass',                 'ZFTBwRI5sj5jqtC' ),
( 'Pro',                  'ZFTBwRI5sj5jqtC' ),
( 'Stand Firm',           'e36dxKHNalPjb1P' ),
( 'Wrestle',              'e36dxKHNalPjb1P' ),
( 'Block',                'Z5qExqtPdRkQpuE' ),
( 'Catch',                'Z5qExqtPdRkQpuE' ),
( 'Pro',                  'Z5qExqtPdRkQpuE' ),
( 'Bone Head',            'cyAeAH7WAUsp5Us' ),
( 'Loner (3+)',           'cyAeAH7WAUsp5Us' ),
( 'Mighty Blow',          'cyAeAH7WAUsp5Us' ),
( 'Thick Skull',          'cyAeAH7WAUsp5Us' ),
( 'Throw Team-mate',      'cyAeAH7WAUsp5Us' ),
( 'Frenzy',               'aSLeBJtnER3zMp8' ),
( 'Horns',                'cqoRnW7of2AiFyl' ),
( 'Juggernaut',           'cqoRnW7of2AiFyl' ),
( 'Jump Up',              'cqoRnW7of2AiFyl' ),
( 'Thick Skull',          'cqoRnW7of2AiFyl' ),
( 'Frenzy',               '2Pc7eiQKEUrwwkJ' ),
( 'Claws',                '2LSjDSaZ6tBCQ1A' ),
( 'Frenzy',               '2LSjDSaZ6tBCQ1A' ),
( 'Loner (4+)',           '2LSjDSaZ6tBCQ1A' ),
( 'Mighty Blow',          '2LSjDSaZ6tBCQ1A' ),
( 'Unchannelled Fury',    '2LSjDSaZ6tBCQ1A' ),
( 'Dodge',                'T3k3GcMhmoPCKUp' ),
( 'Stunty',               'T3k3GcMhmoPCKUp' ),
( 'Dodge',                'ybSnZJ74azorVLT' ),
( 'On the Ball',          'ybSnZJ74azorVLT' ),
( 'Shadowing',            'ybSnZJ74azorVLT' ),
( 'Stunty',               'ybSnZJ74azorVLT' ),
( 'Juggernaut',           'ECsSzCJcs7DXwUA' ),
( 'Unsteady',             'ECsSzCJcs7DXwUA' ),
( 'Bone Head',            'FwY4O9MRLZa9t7n' ),
( 'Loner (4+)',           'FwY4O9MRLZa9t7n' ),
( 'Mighty Blow',          'FwY4O9MRLZa9t7n' ),
( 'Prehensile Tail',      'FwY4O9MRLZa9t7n' ),
( 'Thick Skull',          'FwY4O9MRLZa9t7n' ),
( 'Eye Gouge',            'EpbaZsSfP94eots' ),
( 'Regeneration',         'EpbaZsSfP94eots' ),
( 'Unsteady',             'EpbaZsSfP94eots' ),
( 'Dodge',                'S0H9KfIrltNsXDG' ),
( 'Regeneration',         'S0H9KfIrltNsXDG' ),
( 'Block',                'bxgOyQtdDwjaLiA' ),
( 'Foul Appearance',      'bxgOyQtdDwjaLiA' ),
( 'No Ball',              'bxgOyQtdDwjaLiA' ),
( 'Regeneration',         'bxgOyQtdDwjaLiA' ),
( 'Sidestep',             'bxgOyQtdDwjaLiA' ),
( 'Regeneration',         'DAIJphP62DagsdK' ),
( 'Stand Firm',           'DAIJphP62DagsdK' ),
( 'Thick Skull',          'DAIJphP62DagsdK' ),
( 'Unsteady',             'DAIJphP62DagsdK' ),
( 'Claws',                'O2VKVInAZEkylQZ' ),
( 'Frenzy',               'O2VKVInAZEkylQZ' ),
( 'Regeneration',         'O2VKVInAZEkylQZ' ),
( 'Block',                '1IDqzrwDhbBPk94' ),
( 'Drunkard',             '1IDqzrwDhbBPk94' ),
( 'Thick Skull',          '1IDqzrwDhbBPk94' ),
( 'Unsteady',             '1IDqzrwDhbBPk94' ),
( 'Dodge',                'fT5IStsrdjQHN3k' ),
( 'No Ball',              'fT5IStsrdjQHN3k' ),
( 'Pick-me-up',           'fT5IStsrdjQHN3k' ),
( 'Stunty',               'fT5IStsrdjQHN3k' ),
( 'Titchy',               'fT5IStsrdjQHN3k' ),
( 'Block',                'lK2FMqj09jj4RKl' ),
( 'Frenzy',               'lK2FMqj09jj4RKl' ),
( 'Jump Up',              'lK2FMqj09jj4RKl' ),
( 'Catch',                'l7ZchhrCSysG3Px' ),
( 'Dauntless',            'l7ZchhrCSysG3Px' ),
( 'Pass',                 'l7ZchhrCSysG3Px' ),
( 'Strip Ball',           'l7ZchhrCSysG3Px' ),
( 'Frenzy',               '3UpKRvv9fpz0UEm' ),
( 'Unsteady',             '3UpKRvv9fpz0UEm' ),
( 'Claws',                'JiRPAFUYESUcQrY' ),
( 'Disturbing Presence',  'JiRPAFUYESUcQrY' ),
( 'Frenzy',               'JiRPAFUYESUcQrY' ),
( 'Loner (4+)',           'JiRPAFUYESUcQrY' ),
( 'Unchannelled Fury',    'JiRPAFUYESUcQrY' ),
( 'Decay',                '7s7741botLQjRba' ),
( 'Plague Ridden',        '7s7741botLQjRba' ),
( 'Horns',                'mrAvGrOOhpMi2JV' ),
( 'Plague Ridden',        'mrAvGrOOhpMi2JV' ),
( 'Regeneration',         'mrAvGrOOhpMi2JV' ),
( 'Steady Footing',       'mrAvGrOOhpMi2JV' ),
( 'Thick Skull',          'mrAvGrOOhpMi2JV' ),
( 'Disturbing Presence',  '38Mhf9bPRXy5c2H' ),
( 'Foul Appearance',      '38Mhf9bPRXy5c2H' ),
( 'Plague Ridden',        '38Mhf9bPRXy5c2H' ),
( 'Regeneration',         '38Mhf9bPRXy5c2H' ),
( 'Stand Firm',           '38Mhf9bPRXy5c2H' ),
( 'Unsteady',             '38Mhf9bPRXy5c2H' ),
( 'Disturbing Presence',  'Eljh4kIMF0ykBJ1' ),
( 'Foul Appearance',      'Eljh4kIMF0ykBJ1' ),
( 'Loner (4+)',           'Eljh4kIMF0ykBJ1' ),
( 'Mighty Blow',          'Eljh4kIMF0ykBJ1' ),
( 'Pick-me-up',           'Eljh4kIMF0ykBJ1' ),
( 'Plague Ridden',        'Eljh4kIMF0ykBJ1' ),
( 'Really Stupid',        'Eljh4kIMF0ykBJ1' ),
( 'Tentacles',            'Eljh4kIMF0ykBJ1' ),
( 'Dodge',                'RcsWTW2Y8Vz8Hnt' ),
( 'Right Stuff',          'RcsWTW2Y8Vz8Hnt' ),
( 'Sidestep',             'RcsWTW2Y8Vz8Hnt' ),
( 'Stunty',               'RcsWTW2Y8Vz8Hnt' ),
( 'Titchy',               'RcsWTW2Y8Vz8Hnt' ),
( 'Bone Head',            'EWAEufplBjB36Uc' ),
( 'Mighty Blow',          'EWAEufplBjB36Uc' ),
( 'Thick Skull',          'EWAEufplBjB36Uc' ),
( 'Throw Team-mate',      'EWAEufplBjB36Uc' ),
( 'Bone Head',            'ZZhsHpdYm7HLUsU' ),
( 'Kick Team-mate',       'ZZhsHpdYm7HLUsU' ),
( 'Mighty Blow',          'ZZhsHpdYm7HLUsU' ),
( 'Thick Skull',          'ZZhsHpdYm7HLUsU' ),
( 'Dodge',                'C3zJdbRqPlLHpft' ),
( 'Right Stuff',          'C3zJdbRqPlLHpft' ),
( 'Stunty',               'C3zJdbRqPlLHpft' ),
( 'Catch',                'LMzaQQWDv1c9DOa' ),
( 'Dodge',                'LMzaQQWDv1c9DOa' ),
( 'Block',                'Uox3xUXnUZyJVwz' ),
( 'Defensive',            'Uox3xUXnUZyJVwz' ),
( 'Thick Skull',          'Uox3xUXnUZyJVwz' ),
( 'Pass',                 'O9cM87jQvGdafHr' ),
( 'Sure Hands',           'O9cM87jQvGdafHr' ),
( 'Sprint',               'w8wNWDzuRGiglzk' ),
( 'Sure Hands',           'w8wNWDzuRGiglzk' ),
( 'Thick Skull',          'w8wNWDzuRGiglzk' ),
( 'Block',                'jr2Zxi18lHdA7Dp' ),
( 'Tackle',               'jr2Zxi18lHdA7Dp' ),
( 'Block',                'k5RSkz1frQYLmed' ),
( 'Diving Tackle',        'k5RSkz1frQYLmed' ),
( 'Tackle',               'k5RSkz1frQYLmed' ),
( 'Thick Skull',          'k5RSkz1frQYLmed' ),
( 'Block',                'IQF43acA4yY2mN7' ),
( 'Dauntless',            'IQF43acA4yY2mN7' ),
( 'Frenzy',               'IQF43acA4yY2mN7' ),
( 'Thick Skull',          'IQF43acA4yY2mN7' ),
( 'Bone Head',            'KWwhoGEJtgf9djA' ),
( 'Loner (3+)',           'KWwhoGEJtgf9djA' ),
( 'Mighty Blow',          'KWwhoGEJtgf9djA' ),
( 'Thick Skull',          'KWwhoGEJtgf9djA' ),
( 'Throw Team-mate',      'KWwhoGEJtgf9djA' ),
( 'Mighty Blow',          'yuEYfX6SiXo6mKz' ),
( 'Stand Firm',           'yuEYfX6SiXo6mKz' ),
( 'Strong Arm',           'yuEYfX6SiXo6mKz' ),
( 'Take Root',            'yuEYfX6SiXo6mKz' ),
( 'Thick Skull',          'yuEYfX6SiXo6mKz' ),
( 'Throw Team-mate',      'yuEYfX6SiXo6mKz' ),
( 'Timmm-ber!',           'yuEYfX6SiXo6mKz' ),
( 'Dodge',                '3mXoV0gRGZZa76y' ),
( 'Right Stuff',          '3mXoV0gRGZZa76y' ),
( 'Stunty',               '3mXoV0gRGZZa76y' ),
( 'Pass',                 '20DHZ1qKZMKy9AC' ),
( 'Sure Hands',           '20DHZ1qKZMKy9AC' ),
( 'Block',                'fNsXOjE3p56WCHC' ),
( 'Break Tackle',         'fNsXOjE3p56WCHC' ),
( 'Mighty Blow',          'inf9pdtcHPQhsPS' ),
( 'Taunt',                'inf9pdtcHPQhsPS' ),
( 'Thick Skull',          'inf9pdtcHPQhsPS' ),
( 'Unsteady',             'inf9pdtcHPQhsPS' ),
( 'Always Hungry',        'PFnlDUBM2lSfEnq' ),
( 'Loner (4+)',           'PFnlDUBM2lSfEnq' ),
( 'Mighty Blow',          'PFnlDUBM2lSfEnq' ),
( 'Projectile Vomit',     'PFnlDUBM2lSfEnq' ),
( 'Really Stupid',        'PFnlDUBM2lSfEnq' ),
( 'Regeneration',         'PFnlDUBM2lSfEnq' ),
( 'Throw Team-mate',      'PFnlDUBM2lSfEnq' ),
( 'Regeneration',         'LkDjtoWEu6460vb' ),
( 'Thick Skull',          'LkDjtoWEu6460vb' ),
( 'Eye Gouge',            '4ro6tVuLerbkmaf' ),
( 'Regeneration',         '4ro6tVuLerbkmaf' ),
( 'Unsteady',             '4ro6tVuLerbkmaf' ),
( 'Dodge',                'CaDwGnZGN1kmP1W' ),
( 'Regeneration',         'CaDwGnZGN1kmP1W' ),
( 'Block',                'QueNhBZozhq780d' ),
( 'Regeneration',         'QueNhBZozhq780d' ),
( 'Tackle',               'QueNhBZozhq780d' ),
( 'Thick Skull',          'QueNhBZozhq780d' ),
( 'Mighty Blow',          'rmJEwf28voejk1o' ),
( 'Regeneration',         'rmJEwf28voejk1o' ),
( 'Pass',                 'bG4nxS3xQPwa9d5' ),
( 'Sure Hands',           'bG4nxS3xQPwa9d5' ),
( 'Dodge',                'JrmFe2kOZ3rpKD3' ),
( 'Stab',                 'JrmFe2kOZ3rpKD3' ),
( 'Block',                'BO59UU7akQGjXD5' ),
( 'Strip Ball',           'BO59UU7akQGjXD5' ),
( 'Animal Savagery',      'MgROQAT9rIb8Nww' ),
( 'Frenzy',               'MgROQAT9rIb8Nww' ),
( 'Loner (4+)',           'MgROQAT9rIb8Nww' ),
( 'Mighty Blow',          'MgROQAT9rIb8Nww' ),
( 'Prehensile Tail',      'MgROQAT9rIb8Nww' ),
( 'Dodge',                'YInpwz9cBpLjESS' ),
( 'Insignificant',        'YInpwz9cBpLjESS' ),
( 'Right Stuff',          'YInpwz9cBpLjESS' ),
( 'Sidestep',             'YInpwz9cBpLjESS' ),
( 'Stunty',               'YInpwz9cBpLjESS' ),
( 'Titchy',               'YInpwz9cBpLjESS' ),
( 'Dodge',                'KfgmOKbQvX5AmiE' ),
( 'Pogo',                 'KfgmOKbQvX5AmiE' ),
( 'Right Stuff',          'KfgmOKbQvX5AmiE' ),
( 'Sidestep',             'KfgmOKbQvX5AmiE' ),
( 'Stunty',               'KfgmOKbQvX5AmiE' ),
( 'Dodge',                'IB9S47SgIjTYzSo' ),
( 'Right Stuff',          'IB9S47SgIjTYzSo' ),
( 'Sidestep',             'IB9S47SgIjTYzSo' ),
( 'Sprint',               'IB9S47SgIjTYzSo' ),
( 'Stunty',               'IB9S47SgIjTYzSo' ),
( 'Bombardier',           '8G6ifoC6QIG4hoE' ),
( 'Dodge',                '8G6ifoC6QIG4hoE' ),
( 'Right Stuff',          '8G6ifoC6QIG4hoE' ),
( 'Secret Weapon',        '8G6ifoC6QIG4hoE' ),
( 'Sidestep',             '8G6ifoC6QIG4hoE' ),
( 'Stunty',               '8G6ifoC6QIG4hoE' ),
( 'Titchy',               '8G6ifoC6QIG4hoE' ),
( 'Dirty Player',         'ooHQmU8FLySwvOV' ),
( 'Juggernaut',           'ooHQmU8FLySwvOV' ),
( 'Mighty Blow',          'ooHQmU8FLySwvOV' ),
( 'Really Stupid',        'ooHQmU8FLySwvOV' ),
( 'Stand Firm',           'ooHQmU8FLySwvOV' ),
( 'Always Hungry',        'DsTuOAAhIOxQD0N' ),
( 'Mighty Blow',          'DsTuOAAhIOxQD0N' ),
( 'Projectile Vomit',     'DsTuOAAhIOxQD0N' ),
( 'Really Stupid',        'DsTuOAAhIOxQD0N' ),
( 'Regeneration',         'DsTuOAAhIOxQD0N' ),
( 'Throw Team-mate',      'DsTuOAAhIOxQD0N' ),
( 'Regeneration',         'pf3LMEEKxbZsext' ),
( 'Thick Skull',          'pf3LMEEKxbZsext' ),
( 'Pass',                 'waNQhta8kc6AAiT' ),
( 'Regeneration',         'waNQhta8kc6AAiT' ),
( 'Sure Hands',           'waNQhta8kc6AAiT' ),
( 'Thick Skull',          'waNQhta8kc6AAiT' ),
( 'Block',                'tZA8FtYvaUYI9W2' ),
( 'Regeneration',         'tZA8FtYvaUYI9W2' ),
( 'Thick Skull',          'tZA8FtYvaUYI9W2' ),
( 'Brawler',              'KXS0P8dMCjNPQ67' ),
( 'Decay',                'KXS0P8dMCjNPQ67' ),
( 'Regeneration',         'KXS0P8dMCjNPQ67' ),
( 'Dodge',                'hmMWtLabiXFvGiB' ),
( 'Right Stuff',          'hmMWtLabiXFvGiB' ),
( 'Stunty',               'hmMWtLabiXFvGiB' ),
( 'Dodge',                'VY58Xfyd2yCKssz' ),
( 'Insignificant',        'VY58Xfyd2yCKssz' ),
( 'Right Stuff',          'VY58Xfyd2yCKssz' ),
( 'Sidestep',             'VY58Xfyd2yCKssz' ),
( 'Stunty',               'VY58Xfyd2yCKssz' ),
( 'Titchy',               'VY58Xfyd2yCKssz' ),
( 'Pass',                 'CgAiaJ4GA7k8Zt3' ),
( 'Sure Hands',           'CgAiaJ4GA7k8Zt3' ),
( 'Dodge',                'Nsm2mCePyd47KqH' ),
( 'Stab',                 'Nsm2mCePyd47KqH' ),
( 'Block',                'OGcptsEDlo8egwO' ),
( 'Strip Ball',           'OGcptsEDlo8egwO' ),
( 'Always Hungry',        'DUr6ETbIklUd5LR' ),
( 'Loner (4+)',           'DUr6ETbIklUd5LR' ),
( 'Mighty Blow',          'DUr6ETbIklUd5LR' ),
( 'Projectile Vomit',     'DUr6ETbIklUd5LR' ),
( 'Really Stupid',        'DUr6ETbIklUd5LR' ),
( 'Regeneration',         'DUr6ETbIklUd5LR' ),
( 'Throw Team-mate',      'DUr6ETbIklUd5LR' ),
( 'Animal Savagery',      'x6zLUBAoUdPSWiM' ),
( 'Frenzy',               'x6zLUBAoUdPSWiM' ),
( 'Loner (4+)',           'x6zLUBAoUdPSWiM' ),
( 'Mighty Blow',          'x6zLUBAoUdPSWiM' ),
( 'Prehensile Tail',      'x6zLUBAoUdPSWiM' ),
( 'Bloodlust (2+)',       'EePtSPHh6m4Nl5B' ),
( 'Hypnotic Gaze',        'EePtSPHh6m4Nl5B' ),
( 'Regeneration',         'EePtSPHh6m4Nl5B' ),
( 'Bloodlust (2+)',       'EALdZCfSmmb3gZB' ),
( 'Hypnotic Gaze',        'EALdZCfSmmb3gZB' ),
( 'Pass',                 'EALdZCfSmmb3gZB' ),
( 'Regeneration',         'EALdZCfSmmb3gZB' ),
( 'Bloodlust (3+)',       'xiPnDzXA09q7XOS' ),
( 'Hypnotic Gaze',        'xiPnDzXA09q7XOS' ),
( 'Juggernaut',           'xiPnDzXA09q7XOS' ),
( 'Regeneration',         'xiPnDzXA09q7XOS' ),
( 'Bloodlust (3+)',       'x9jEVbNtNMNlLQ1' ),
( 'Claws',                'x9jEVbNtNMNlLQ1' ),
( 'Frenzy',               'x9jEVbNtNMNlLQ1' ),
( 'Loner (4+)',           'x9jEVbNtNMNlLQ1' ),
( 'Regeneration',         'x9jEVbNtNMNlLQ1' ),
( 'Pass',                 'w0uJmfOs6MjQzbU' ),
( 'Safe Pair of Hands',   'w0uJmfOs6MjQzbU' ),
( 'Catch',                '3yvXau7PNGynMat' ),
( 'Dodge',                '3yvXau7PNGynMat' ),
( 'Sprint',               '3yvXau7PNGynMat' ),
( 'Block',                'fkSmT4z6jWWWHtm' ),
( 'Dodge',                'fkSmT4z6jWWWHtm' ),
( 'Leap',                 'fkSmT4z6jWWWHtm' ),
( 'Loner (4+)',           'jh8a9KsB6HfkC4Y' ),
( 'Mighty Blow',          'jh8a9KsB6HfkC4Y' ),
( 'Stand Firm',           'jh8a9KsB6HfkC4Y' ),
( 'Strong Arm',           'jh8a9KsB6HfkC4Y' ),
( 'Take Root',            'jh8a9KsB6HfkC4Y' ),
( 'Thick Skull',          'jh8a9KsB6HfkC4Y' ),
( 'Throw Team-mate',      'jh8a9KsB6HfkC4Y' )
;

-- INDUCEMENTS
INSERT INTO public.inducement (name, max, price, special_price, special_price_rule, special_price_roster, special_max, special_max_rule) VALUES
( 'Prayer to Nuffle',           3,  10000,   null,    null,                      null,        null,  null ),
( 'Part-time Assistant Coach',  5,  20000,   null,    null,                      null,        null,  null ),
( 'Temp Agency Cheerleader',    5,  5000,    null,    null,                      null,        null,  null ),
( 'Team Mascot',                1,  25000,   null,    null,                      null,        null,  null ),
( 'Weather Mage',               1,  30000,   null,    null,                      null,        null,  null ),
( 'Blitzer''s Best Keg',        2,  50000,   null,    null,                      null,        null,  null ),
( 'Bribe',                      3,  100000,  50000,   'Bribery and Corruption',  null,        6,     'Bribery and Corruption' ),
( 'Extra Team Training',        8,  100000,  null,    null,                      null,        null,  null ),
( 'Mortuary Assistant',         1,  null,    100000,  'Masters of Undeath',      null,        null,  null ),
( 'Plague Doctor',              1,  null,    100000,  'Favoured of Nurgle',      null,        null,  null ),
( 'Riotous Rookies',            1,  null,    150000,  'Low Cost Linemen',        null,        null,  null ),
( 'Wandering Apothecary',       2,  null,    100000,  'Apothecary Allowed',      null,        null,  null ),
( 'Halfling Master Chef',       1,  300000,  100000,  null,                      'Halfling',  null,  null ),
( 'Biased Referee',             1,  120000,  80000,   'Bribery and Corruption',  null,        null,  null ),
( 'Infamous Coaching Staff',    1,  100000,  null,    null,                      null,        null,  null ),
( 'Wizard',                     1,  150000,  null,    null,                      null,        null,  null )
;

-- SPECIAL RULE TO ROSTER
INSERT INTO public.special_rule_to_roster (special_rule_name, roster_name) VALUES
( 'Lustrian Superleague',     'Amazon' ),
( 'Apothecary Allowed',       'Amazon' ),
( 'Badlands Brawl',           'Black Orc' ),
( 'Bribery and Corruption',   'Black Orc' ),
( 'Brawlin'' Brutes',         'Black Orc' ),
( 'Apothecary Allowed',       'Black Orc' ),
( 'Old World Classic',        'Bretonnian' ),
( 'Apothecary Allowed',       'Bretonnian' ),
( 'Chaos Clash',              'Chaos Chosen' ),
( 'Apothecary Allowed',       'Chaos Chosen' ),
( 'Badlands Brawl',           'Chaos Dwarf' ),
( 'Chaos Clash',              'Chaos Dwarf' ),
( 'Favoured of Hashut',       'Chaos Dwarf' ),
( 'Apothecary Allowed',       'Chaos Dwarf' ),
( 'Chaos Clash',              'Chaos Renegades' ),
( 'Apothecary Allowed',       'Chaos Renegades' ),
( 'Elven Kingdoms League',    'Dark Elf' ),
( 'Worlds Edge Superleague',  'Dwarf' ),
( 'Brawlin'' Brutes',         'Dwarf' ),
( 'Bribery and Corruption',   'Dwarf' ),
( 'Apothecary Allowed',       'Dwarf' ),
( 'Elven Kingdoms League',    'Elven Union' ),
( 'Apothecary Allowed',       'Elven Union' ),
( 'Halfling Thimble Cup',     'Gnome' ),
( 'Woodland League',          'Gnome' ),
( 'Apothecary Allowed',       'Gnome' ),
( 'Badlands Brawl',           'Goblin' ),
( 'Underworld Challenge',     'Goblin' ),
( 'Bribery and Corruption',   'Goblin' ),
( 'Apothecary Allowed',       'Goblin' ),
( 'Halfling Thimble Cup',     'Halfling' ),
( 'Woodland League',          'Halfling' ),
( 'Apothecary Allowed',       'Halfling' ),
( 'Elven Kingdoms League',    'High Elf' ),
( 'Apothecary Allowed',       'High Elf' ),
( 'Old World Classic',        'Human' ),
( 'Team Captain',             'Human' ),
( 'Apothecary Allowed',       'Human' ),
( 'Old World Classic',        'Imperial Nobility' ),
( 'Apothecary Allowed',       'Imperial Nobility' ),
( 'Chaos Clash',              'Khorne' ),
( 'Favoured of Khorne',       'Khorne' ),
( 'Brawlin'' Brutes',         'Khorne' ),
( 'Apothecary Allowed',       'Khorne' ),
( 'Lustrian Superleague',     'Lizardman' ),
( 'Apothecary Allowed',       'Lizardman' ),
( 'Sylvanian Spotlight',      'Necromantic Horror' ),
( 'Masters of Undeath',       'Necromantic Horror' ),
( 'Apothecary Allowed',       'Norse' ),
( 'Chaos Clash',              'Nurgle' ),
( 'Favoured of Nurgle',       'Nurgle' ),
( 'Brawlin'' Brutes',         'Nurgle' ),
( 'Badlands Brawl',           'Ogre' ),
( 'Worlds Edge Superleague',  'Ogre' ),
( 'Brawlin'' Brutes',         'Ogre' ),
( 'Low Cost Linemen',         'Ogre' ),
( 'Apothecary Allowed',       'Ogre' ),
( 'Old World Classic',        'Old World Alliance' ),
( 'Apothecary Allowed',       'Old World Alliance' ),
( 'Badlands Brawl',           'Orc' ),
( 'Brawlin'' Brutes',         'Orc' ),
( 'Team Captain',             'Orc' ),
( 'Apothecary Allowed',       'Orc' ),
( 'Sylvanian Spotlight',      'Shambling Undead' ),
( 'Masters of Undeath',       'Shambling Undead' ),
( 'Apothecary Allowed',       'Shambling Undead' ),
( 'Underworld Challenge',     'Skaven' ),
( 'Apothecary Allowed',       'Skaven' ),
( 'Underworld Challenge',     'Snotling' ),
( 'Bribery and Corruption',   'Snotling' ),
( 'Low Cost Linemen',         'Snotling' ),
( 'Swarming',                 'Snotling' ),
( 'Apothecary Allowed',       'Snotling' ),
( 'Sylvanian Spotlight',      'Tomb Kings' ),
( 'Masters of Undeath',       'Tomb Kings' ),
( 'Apothecary Allowed',       'Tomb Kings' ),
( 'Underworld Challenge',     'Underworld Denizens' ),
( 'Bribery and Corruption',   'Underworld Denizens' ),
( 'Apothecary Allowed',       'Underworld Denizens' ),
( 'Sylvanian Spotlight',      'Vampire' ),
( 'Masters of Undeath',       'Vampire' ),
( 'Apothecary Allowed',       'Vampire' ),
( 'Elven Kingdoms League',    'Wood Elf' ),
( 'Woodland League',          'Wood Elf' ),
( 'Apothecary Allowed',       'Wood Elf' )
;

-- STAR PLAYER
INSERT INTO public.star_player (name, hiring_fee, ma, st, ag, pa, av, partner_name, special_ability) VALUES
( 'Lucien Swift',                     170000,  7,  3,  2,  5,     9,   null,  E'Two for One: The Swift Twins must be hired as a pair and count as two Star Players. However, if either Lucien or Valen is removed from play due to sufferign a KO''d or Casualty! result on the Injury table, the other replaces the Loner (4+) trait with the Loner (2+) trait.' ),
( 'Akhorne The Squirrel',             80000,   7,  1,  2,  null,  6,   null,  E'Blind Rage: Akhorne may choose to re-roll the D6 when rolling for the Dauntless sill.' ),
( 'Fungus the Loon',                  80000,   4,  7,  3,  null,  8,   null,  E'Whirling Dervish: Once per activation, Fungus may re-roll the D6 when determining which direction he moves in.' ),
( 'Glart Smashrip',                   195000,  5,  4,  4,  null,  9,   null,  E'Frenzied Rush: Once per game, when Glart performs a Blitz action, he may gain the Frenzy skill. You must declare this special rule is being used when Glart is activated. Glart may not use the Grab skill during a turn in which he uses this special rule.' ),
( 'Gloriel Summerbloom',              150000,  7,  2,  2,  2,     8,   null,  E'Shot to Nothing: Once per game, when Gloriel performs a Pass action, she may gain the Hail Mary Pass skill. You must declare this special rule is being used when Gloriel is activated.' ),
( 'Glotl Stop',                       270000,  6,  6,  5,  null,  10,  null,  E'Primal Savagery: Once per game, when Glotl fails an Animal Savagery roll, it may lash out at an opposition player rather than a team mate.' ),
( 'Grak',                             125000,  5,  5,  4,  4,     10,  null,  E'Two for One: Grak and Crumbleberry must be hired as a pair and count as two Star Players. However, if either Grak or Crumbleberry is removed from play due to sufferign a KO''d or Casualty! result on the Injury table, the other replaces the Loner (4+) trait with the Loner (2+) trait.' ),
( 'Crumbleberry',                     125000,  5,  2,  3,  6,     7,   null,  E'Two for One: Grak and Crumbleberry must be hired as a pair and count as two Star Players. However, if either Grak or Crumbleberry is removed from play due to sufferign a KO''d or Casualty! result on the Injury table, the other replaces the Loner (4+) trait with the Loner (2+) trait.' ),
( 'Grashnak Blackhoof',               240000,  6,  6,  4,  null,  9,   null,  E'Gored by the Bull: Once per game, when Grashnak performs a Blitz action, Grashnak may roll one additional Block dice against the opposition player, regardless of the opposition player''s Strength, to a maximum of three Block dice. If Grashnak performs a second Block action due to the Frenzy skill, this second Block action will also benefit from this rule.' ),
( 'Griff Oberwald',                   280000,  7,  4,  2,  3,     9,   null,  E'Consummate Professional: Once per game, Griff may re-roll one dice that was rolled either as a single dice roll, as a part of a multiple dice roll, or as a part of a dice pool (this cannot be a dice that was rolled as a part of an Armor, Injury, or Casualty roll).' ),
( 'Grim Ironjaw',                     200000,  5,  4,  3,  null,  9,   null,  E'Slayer: Once per game, when an opposition player with a Strength characteristic of 5 or more is Knocked Down as a result of a Block action performed by Grim, you may apply an additional +1 modifier to either the Armor roll or Injury roll. This modifier may be applied after the roll has been made.' ),
( 'Guffle Pusmaw',                    180000,  5,  4,  4,  6,     10,  null,  E'Once per game, if Guffle is marking an opposing player who catches the ball, he may immediately make an unmodified Armor roll, and subsequent Injury roll if necessary, against that player.\nIf the target’s Armor is broken, Guffle immediately gains possession of the ball. No Turnover is caused as a result of using this special rule.' ),
( 'H''thark the Unstoppable',         300000,  6,  6,  4,  6,     10,  null,  E'Unstoppable Momentum: Whenever H''Thark performs a Blitz action, he may re-roll a single block dice.' ),
( 'Hakflem Skuttlespike',             210000,  9,  3,  2,  3,     8,   null,  E'Treacherous: Once per game, if a team-mate in an adjacent square to Hakflem is in posession of the ball when Hakflem is activated, that player may immediately be Knocked Down and Hakflem may take posession of the ball. No Turnover is caused as a result of using this special rule.' ),
( 'Helmut Wulf',                      140000,  6,  3,  3,  null,  9,   null,  E'Old Pro: Once per game, Helmut may use his Pro sill to re-roll a single dice rolled as part of an Armor roll.' ),
( 'Ivar Eriksson',                    245000,  6,  4,  3,  4,     9,   null,  E'Raiding Party: Once per drive, whenever Ivar begins his activation, he may choose one Open player on his team within five squares. The chosen player may immediately move one square, ignoring Tackle Zones, though they must end this move Marking an opposition player.' ),
( 'Jeremiah Kool',                    320000,  8,  3,  1,  2,     9,   null,  E'The Flashing Blade: Once per game, at teh start of his activation, Jeremiah may declare a Stab Special Action against an opposition player he is Marking. After performing the Stab Special Action, Jeremiah may then perform a Move Action before his action ends.' ),
( 'Jordell Freshbreeze',              250000,  8,  3,  1,  3,     8,   null,  E'Swift as the Breeze: Once per game, Jordell can choose to pass a single Dodge, Leap, or Rush test on a 2+, regardless of any modifiers.' ),
( 'Kiroth Krakeneye',                 160000,  7,  3,  2,  3,     9,   null,  E'Black Ink: Once per game, at the star of any of his activations, Kiroth can choose an opposition player he is marking. The chosen player loses their Tackle Zone until they are next activated.' ),
( 'Bilerot Vomitflesh',               180000,  4,  5,  4,  6,     10,  null,  E'Putrid Regurgitation: Once per game, Bilerot may use the Projectile Vomit Special Action. This may still be used even if Bilerot has already performed a Block action this turn.' ),
( 'Barik Farblast',                   80000,   6,  3,  3,  3,     9,   null,  E'Blast It!: Once per game, when Barik makes a Hail Mary Pass, he may re-roll any scatter results for determining where the ball lands, and any friendly player attempting to catch the ball gains an additional +1 modifier to the roll.' ),
( 'The Black Gobbo',                  225000,  6,  2,  3,  3,     9,   null,  E'Sneakiest of the Lot: If your team includes the Black Gobbo, you may commit two Foul actions per turn, provided one of your Foul actions is committed by the Black Gobbo himself.' ),
( 'Bomber Dribblesnot',               50000,   6,  2,  3,  3,     8,   null,  E'Kaboom: Once per game, if an opposition player catches a Bomb thrown by Bomber, you can choose to have it explode immediately rather than rolling to see if the player can throw it again.' ),
( 'Deeproot Strongbranch',            280000,  2,  7,  5,  4,     11,  null,  E'Reliable: If Deeproot fumbles a Throw Team-mate action, the player that was thrown will bounce as normal but will automatically land safely.' ),
( 'Captain Karina von Riesz',         230000,  6,  4,  2,  4,     9,   null,  E'Tasty Morsel: Once per game, when Karina fails a Bloodlust roll, she may choose to bite an opposition player with a ST of 3 or lower as if they were a Thrall Lineman team-mate. Karina may not bite Star Players with this special rule.' ),
( 'Count Luthor von Drakenborg',      350000,  6,  5,  2,  3,     10,  null,  E'Star of the Show: Once per game, when Count Luthor scores a touchdown, his controlling coach may gain one team re-roll. If this re-roll has not been used by the end of the next drive, it is lost.' ),
( 'Cindy Piewhistle',                 50000,   5,  2,  3,  3,     7,   null,  E'All You Can Eat: Once per game, Cindy may perform two Throw Bomb Special actions rather than one, though she must commit to doing so before making the first action. If she does, immediately after performing the second Throw Bomb Special action roll a D6. On a 1-3 Cindy is immediately Sent Off.' ),
( 'Dribl',                            95000,   8,  2,  3,  4,     8,   null,  E'A Sneaky Pair: Dribl & Drull must be hired as a pair and count as two Star Players. Additionally, whenever Dribl or Drull perform either a Stab or Foul action against an opposition player marked by both Dribl & Drull, they may apply a +1 modifier to the injury roll.' ),
( 'Drull',                            190000,  8,  2,  3,  4,     8,   null,  E'A Sneaky Pair: Dribl & Drull must be hired as a pair and count as two Star Players. Additionally, whenever Dribl or Drull perform either a Stab or Foul action against an opposition player marked by both Dribl & Drull, they may apply a +1 modifier to the injury roll.' ),
( 'Eldril Sidewinder',                230000,  8,  3,  2,  5,     8,   null,  E'Mesmerizing Dance: Once per game, Eldril may re-roll a failed Agility test when attempting to use the Hypnotic Gaze trait.' ),
( 'Estelle la Veneaux',               190000,  6,  3,  3,  4,     8,   null,  E'Baleful Hex: One per game, at the beginning of Estelle’s activation, choose an opposition player within five squares and roll a D6. On a 2+ the chosen player loses their Tackle Zone and cannot be activated until the end of the opposition’s next team turn.' ),
( 'Scyla Anfingrimm',                 200000,  5,  5,  4,  null,  10,  null,  E'Fury of the Blood God: Once per game, if Scyla rolls a 1 for his Unchannelled Fury roll after declaring a Block action, instead of applying the usual effects of Unchannelled Fury, Scyla may perform two Block actions instead.' ),
( 'Wilhelm Chaney',                   220000,  8,  4,  3,  4,     9,   null,  E'Savage Mauling: Once per game, when Wilhelm makes an Injury roll against an opposing player, he may choose to re-roll the result.' ),
( 'Maple Highgrove',                  210000,  3,  5,  5,  5,     11,  null,  E'Vicious Vines: Once per half, when Maple declares a Block action, he may do so against an opposition player who is 2 squares away, following all the normal rules for making a Block, though he may not follow up. This Block action cannot be part of a Blitz action.' ),
( 'Max Spleenripper',                 130000,  5,  4,  4,  null,  9,   null,  E'Maximum Carnage: Once per game, after Max performs a Chainsaw Attack Special action, he may immediately perform another Chainsaw Attack Special action that targets a different opposition player.' ),
( 'Nobbla Blackwart',                 120000,  6,  2,  3,  null,  8,   null,  E'Kick ’em While They’re Down!: Once per game, Nobbla may use the Chainsaw Attack Special action against a Prone or Stunned opposition player. This does not count as a Foul action and so Nobbla cannot be Sent-off when using this ability.' ),
( 'Puggy Baconbreath',                120000,  5,  3,  3,  4,     7,   null,  E'Halfling Luck: Once per game, Puggy may re-roll one dice that was rolled either as a single dice, or as part of a dice pool (this cannot be a dice that was rolled part of an Armour, Injury, or Casualty roll).' ),
( 'Rashnak Backstabber',              130000,  7,  3,  3,  5,     8,   null,  E'Toxin Connoiseur: Once per game, when Rashnak successfully breaks an opposition player''s armor as a result of a Stab Special action, you may apply an additional +1 modifier to the Injury roll. This modifier may be applied after the roll has been made.' ),
( 'Ripper Bolgrot',                   250000,  4,  6,  5,  4,     10,  null,  E'Thinking Man’s Troll: Once per half, Ripper may re-roll one dice that was rolled either as a single dice, as part of a multiple dice pool (this cannot be a dice that was rolled as part of an Armour, Injury or Casualty roll).' ),
( 'Rodney Roachbait',                 70000,   6,  2,  3,  4,     7,   null,  E'Catch of the Day: Once per half, if Rodney is Standing and begins his activation within 3 squares of a ball which is on the ground he may roll a D6. On a 1-2, nothing happens. On a 3+, Rodney immediately gains possession of the ball.' ),
( 'Rowana Forestfoot',                160000,  6,  3,  3,  4,     8,   null,  E'Bounding Leap: Once per game, after declaring that she will Leap but before rolling any dice. Rowana may choose to use this special rule. If she does, Rowana suffers no negative modifiers for the Agility test to Leap and may choose to re-roll the result.' ),
( 'Roxanna Darknail',                 270000,  8,  3,  1,  4,     8,   null,  E'Burst of Speed: Once per game, Roxanna may attempt to Rush three times, rather than the usual two. You may declare you are using this special rule after Roxanna has rushed twice.' ),
( 'Rumbelow Sheepskin',               170000,  6,  3,  3,  null,  8,   null,  E'Ram: Once per game, when an opposition player is Knocked Down as a result of a Block action performed by Rumbelow, you may apply an additional +1 modifier to either the Armor or Injury roll. This modifier may be applied after the roll has been made.' ),
( 'Scrappa Sorehead',                 130000,  7,  2,  3,  5,     8,   null,  E'Yoink!: Once per game, when Scrappa attempts to interfere with a Pass action, he may roll a D6. On a 2+, Scrappa does not need to roll to interfere with the Pass action, instead he automatically makes an Interception and gains control of the ball.' ),
( 'Skrorg Snowpelt',                  250000,  5,  5,  4,  null,  9,   null,  E'Pump Up the Crowd: Once per game, when Skrorg causes an opposition player to be removed as a Casualty as the result of a Block action, Skrorg’s controlling coach gains one team re-roll. If this re-roll has not been used by the end of the drive, it is lost.' ),
( 'Skrull Halfheight',                150000,  6,  3,  4,  4,     9,   null,  E'Strong Passing Game: Once per game, after making a Passing Ability test to perform a Pass action, Skrull may choose to modify the dice roll by adding his strength characteristic to it.' ),
( 'Valen Swift',                      170000,  7,  3,  2,  2,     8,   null,  E'Two for One: The Swift Twins must be hired as a pair and count as two Star Players. However, if either Lucien or Valen is removed from play due to sufferign a KO''d or Casualty! result on the Injury table, the other replaces the Loner (4+) trait with the Loner (2+) trait.' ),
( 'Swiftvine Glimmershard',           110000,  7,  2,  3,  5,     7,   null,  E'Furious Outburst: Once per half, so long as she is standing at the start of her activation, Swiftvine can place herself adjacent to a standing opposition player within 3 squares of her and immediately make a Stab Special action against them. She may then place herself in an unoccupied square within 3 squares of her new position. Her activation then immediately ends. This counts as the team''s Blitz action for the turn.' ),
( 'Thorsson Stoutmead',               170000,  6,  3,  4,  3,     8,   null,  E'Beer Barrel Bash!: Once per drive, at the start of his activation, Thorsson may perform a Throw Keg Special action. When he does, select an opposition player within three squares of Thorsson and roll a D6. On a 3+, the player is immediately Knocked Down. However, on a 1, Thorsson is Knocked Down instead.' ),
( 'Varag Ghoul-Chewer',               280000,  6,  5,  3,  5,     10,  null,  E'Crushing Blow: Once per game, when an opposition player is Knocked Down as a result of a Block action performed by Varag, you may apply an additional +1 modifier to the Armor roll. This modifier may be applied after the roll has been made.' ),
( 'Willow Rosebark',                  150000,  5,  4,  3,  6,     9,   null,  E'Indomitable: Once per game, when Willow successfully rolls to use her Dauntless skill, she may increase her Strength characteristc to double that of the nominated target of her Block action.' ),
( 'Withergrasp Doubledrool',          170000,  6,  3,  4,  4,     9,   null,  E'Watch Out!: The first time each half that Withergrasp is the target of an opposition player’s Block action, he counts as having the Dodge skill.' ),
( 'Zolcath the Zoat',                 230000,  5,  5,  4,  5,     10,  null,  E'"Excuse Me, Are You a Zoat?": Once per game, when Zolcath is activated, he may gain the Hypnotic Gaze trait. You must declare this special rule is being used when Zolcath is activated.' ),
( 'Zzharg Madeye',                    130000,  4,  4,  4,  3,     10,  null,  E'Then I Started Blastin''!: Once per half, at the start of his activation, Zzharg may perform a Blunderbuss Blast Special action. When he does, select a Standing opposition player within 3 squares of Zzharg and roll a D6. On a 3+, the selected player is hit; immediately make an unmodified Armor roll, and subsequent Injury roll if necessary, against the selected player. On a 2, the opposing Coach selects a player (from either team, but not Zzharg) within 3 squares of the originally selected player to be hit instead. On a 1, Zzharg is hit instead. If the armor of the player hit is not broken, nothing happens.' ),
( 'Anqi Panqi',                       190000,  7,  4,  5,  6,     10,  null,  E'Savage Blow: Once per game, when Anqi performs a Block Action against an opposition player he may choose to re-roll any number of the Block Dice.' ),
( 'Boa Kon''ssstriktr',               180000,  6,  4,  3,  4,     9,   null,  E'Lurking Superleague Rule: Coiled Marking: Once per game, after Boa begins his activation Marking an opposition player, you may declare he coils around them. On a 2+, the opposition player must immediately attempt to Dodge away from Boa, applying a -1 modifier. If they fail, Boa chooses the direction of the ball and ends its activation.' ),
( 'Gretchen Wächter',                 180000,  7,  3,  3,  4,     9,   null,  E'Incorporeal: Once per game, when Gretchen is activated she may use this special rule. Until the end of her activation, Gretchen does not have to make Dodge rolls for leaving a square within an opposition player''s Tackle Zone.' ),
( 'Grombrindal',                      170000,  5,  3,  3,  4,     10,  null,  E'Wisdom of the White Dwarf: Once per game, when Grombrindal is activated he may select one team-mate within 2 squares. The selected team-mate gains one of the following Skills until the end of turn: Break Tackle, Dauntless, Mighty Blow, Sure Feet.' ),
( 'Ivan ''the Animal'' Deathshroud',  210000,  6,  4,  4,  5,     9,   null,  E'Dwarven Scourge: Once per game, when an opposition player is Knocked Down as a result of a Block Action performed by Ivan, you may apply an additional +1 modifier to the Armour Roll or Injury Roll. If this is against a Dwarf player this instead becomes a +2 modifier.' ),
( 'Josef Bugman',                     180000,  5,  3,  3,  4,     9,   null,  E'Dwarfen Grit: Once per game, when Josef''s armour is broken as the result of an Armour Roll, you may choose to have the Armour Roll re-rolled.' ),
( 'Karla von Kill',                   210000,  6,  4,  3,  3,     9,   null,  E'Indomitable: Once per game, when Karla successfully rolls to use her Dauntless Skill, she may increase her ST characteristic to double that of the target of the Block Action.' ),
( 'Kreek Rustgouger',                 180000,  4,  7,  4,  4,     10,  null,  E'I''ll Be Back!: The first time in a game that Kreek would be Sent-off as per the Secret Weapon Trait, he is not Sent-off and may instead continue as part of the game. Kreek''s coach may not Argue the Call when Kreek uses this special rule.' ),
( 'Lord Borak the Despoiler',         270000,  5,  5,  3,  5,     10,  null,  E'Lord of Chaos: Once per game, when Lord Borak performs a Block Action he may re-roll a single Block Dice.' ),
( 'Morg ''n'' Thorg',                 340000,  6,  6,  3,  4,     11,  null,  E'The Ballista: Once per game, when Morg performs a Throw Team-mate Action, he may re-roll the Passing Ability Test.' ),
( 'Skitter Stab-stab',                170000,  9,  2,  2,  4,     8,   null,  E'Master Assassin: Once per game, when Skitter performs a Stab Special Action, he may choose to re-roll the Armour Roll.' ),
( 'The Mighty Zug',                   220000,  4,  5,  4,  6,     10,  null,  E'Crushing Blow: Once per game, when an opposition player is Knocked Down as the result of a Block Action performed by Zug, you may apply an additional +1 modifier to the Armour roll. This modifier may be applied after the initial Armour roll has been made.' )
;

-- SKILL TO STAR PLAYER
INSERT INTO public.skill_to_star_player (skill_name, star_player_name) VALUES
( 'Claws',                'Akhorne The Squirrel' ),
( 'Dauntless',            'Akhorne The Squirrel' ),
( 'Dodge',                'Akhorne The Squirrel' ),
( 'Frenzy',               'Akhorne The Squirrel' ),
( 'Jump Up',              'Akhorne The Squirrel' ),
( 'Loner (4+)',           'Akhorne The Squirrel' ),
( 'No Ball',              'Akhorne The Squirrel' ),
( 'Sidestep',             'Akhorne The Squirrel' ),
( 'Stunty',               'Akhorne The Squirrel' ),
( 'Titchy',               'Akhorne The Squirrel' ),
( 'Block',                'Anqi Panqi' ),
( 'Grab',                 'Anqi Panqi' ),
( 'Loner (4+)',           'Anqi Panqi' ),
( 'Stand Firm',           'Anqi Panqi' ),
( 'Unsteady',             'Anqi Panqi' ),
( 'Cannoneer',            'Barik Farblast' ),
( 'Hail Mary Pass',       'Barik Farblast' ),
( 'Loner (4+)',           'Barik Farblast' ),
( 'Pass',                 'Barik Farblast' ),
( 'Secret Weapon',        'Barik Farblast' ),
( 'Sure Hands',           'Barik Farblast' ),
( 'Thick Skull',          'Barik Farblast' ),
( 'Dirty Player',         'Bilerot Vomitflesh' ),
( 'Disturbing Presence',  'Bilerot Vomitflesh' ),
( 'Foul Appearance',      'Bilerot Vomitflesh' ),
( 'Lone Fouler',          'Bilerot Vomitflesh' ),
( 'Loner (4+)',           'Bilerot Vomitflesh' ),
( 'Regeneration',         'Bilerot Vomitflesh' ),
( 'Unsteady',             'Bilerot Vomitflesh' ),
( 'Dodge',                'Boa Kon''ssstriktr' ),
( 'Fend',                 'Boa Kon''ssstriktr' ),
( 'Hypnotic Gaze',        'Boa Kon''ssstriktr' ),
( 'Loner (4+)',           'Boa Kon''ssstriktr' ),
( 'Prehensile Tail',      'Boa Kon''ssstriktr' ),
( 'Safe Pair of Hands',   'Boa Kon''ssstriktr' ),
( 'Sidestep',             'Boa Kon''ssstriktr' ),
( 'Accurate',             'Bomber Dribblesnot' ),
( 'Bombardier',           'Bomber Dribblesnot' ),
( 'Dodge',                'Bomber Dribblesnot' ),
( 'Loner (4+)',           'Bomber Dribblesnot' ),
( 'Right Stuff',          'Bomber Dribblesnot' ),
( 'Sneaky Git',           'Bomber Dribblesnot' ),
( 'Stunty',               'Bomber Dribblesnot' ),
( 'Bloodlust (2+)',       'Captain Karina von Riesz' ),
( 'Dodge',                'Captain Karina von Riesz' ),
( 'Hypnotic Gaze',        'Captain Karina von Riesz' ),
( 'Jump Up',              'Captain Karina von Riesz' ),
( 'Loner (4+)',           'Captain Karina von Riesz' ),
( 'Regeneration',         'Captain Karina von Riesz' ),
( 'Accurate',             'Cindy Piewhistle' ),
( 'Bombardier',           'Cindy Piewhistle' ),
( 'Dodge',                'Cindy Piewhistle' ),
( 'Loner (4+)',           'Cindy Piewhistle' ),
( 'Secret Weapon',        'Cindy Piewhistle' ),
( 'Stunty',               'Cindy Piewhistle' ),
( 'Block',                'Count Luthor von Drakenborg' ),
( 'Hypnotic Gaze',        'Count Luthor von Drakenborg' ),
( 'Loner (4+)',           'Count Luthor von Drakenborg' ),
( 'Regeneration',         'Count Luthor von Drakenborg' ),
( 'Sidestep',             'Count Luthor von Drakenborg' ),
( 'Block',                'Deeproot Strongbranch' ),
( 'Bullseye',             'Deeproot Strongbranch' ),
( 'Loner (4+)',           'Deeproot Strongbranch' ),
( 'Mighty Blow',          'Deeproot Strongbranch' ),
( 'Stand Firm',           'Deeproot Strongbranch' ),
( 'Strong Arm',           'Deeproot Strongbranch' ),
( 'Thick Skull',          'Deeproot Strongbranch' ),
( 'Throw Team-mate',      'Deeproot Strongbranch' ),
( 'Timmm-ber!',           'Deeproot Strongbranch' ),
( 'Catch',                'Eldril Sidewinder' ),
( 'Dodge',                'Eldril Sidewinder' ),
( 'Hypnotic Gaze',        'Eldril Sidewinder' ),
( 'Loner (4+)',           'Eldril Sidewinder' ),
( 'Nerves of Steel',      'Eldril Sidewinder' ),
( 'On the Ball',          'Eldril Sidewinder' ),
( 'Disturbing Presence',  'Estelle la Veneaux' ),
( 'Dodge',                'Estelle la Veneaux' ),
( 'Guard',                'Estelle la Veneaux' ),
( 'Loner (4+)',           'Estelle la Veneaux' ),
( 'Sidestep',             'Estelle la Veneaux' ),
( 'Ball & Chain',         'Fungus the Loon' ),
( 'Loner (4+)',           'Fungus the Loon' ),
( 'Mighty Blow',          'Fungus the Loon' ),
( 'No Ball',              'Fungus the Loon' ),
( 'Secret Weapon',        'Fungus the Loon' ),
( 'Stunty',               'Fungus the Loon' ),
( 'Block',                'Glart Smashrip' ),
( 'Claws',                'Glart Smashrip' ),
( 'Grab',                 'Glart Smashrip' ),
( 'Juggernaut',           'Glart Smashrip' ),
( 'Loner (4+)',           'Glart Smashrip' ),
( 'Stand Firm',           'Glart Smashrip' ),
( 'Accurate',             'Gloriel Summerbloom' ),
( 'Dodge',                'Gloriel Summerbloom' ),
( 'Loner (3+)',           'Gloriel Summerbloom' ),
( 'Pass',                 'Gloriel Summerbloom' ),
( 'Sidestep',             'Gloriel Summerbloom' ),
( 'Sure Hands',           'Gloriel Summerbloom' ),
( 'Animal Savagery',      'Glotl Stop' ),
( 'Frenzy',               'Glotl Stop' ),
( 'Loner (4+)',           'Glotl Stop' ),
( 'Mighty Blow',          'Glotl Stop' ),
( 'Prehensile Tail',      'Glotl Stop' ),
( 'Stand Firm',           'Glotl Stop' ),
( 'Thick Skull',          'Glotl Stop' ),
( 'Frenzy',               'Grashnak Blackhoof' ),
( 'Horns',                'Grashnak Blackhoof' ),
( 'Loner (4+)',           'Grashnak Blackhoof' ),
( 'Mighty Blow',          'Grashnak Blackhoof' ),
( 'Thick Skull',          'Grashnak Blackhoof' ),
( 'Unchannelled Fury',    'Grashnak Blackhoof' ),
( 'Disturbing Presence',  'Gretchen Wächter' ),
( 'Dodge',                'Gretchen Wächter' ),
( 'Foul Appearance',      'Gretchen Wächter' ),
( 'Jump Up',              'Gretchen Wächter' ),
( 'Loner (4+)',           'Gretchen Wächter' ),
( 'No Ball',              'Gretchen Wächter' ),
( 'Regeneration',         'Gretchen Wächter' ),
( 'Shadowing',            'Gretchen Wächter' ),
( 'Sidestep',             'Gretchen Wächter' ),
( 'Block',                'Griff Oberwald' ),
( 'Dodge',                'Griff Oberwald' ),
( 'Fend',                 'Griff Oberwald' ),
( 'Loner (3+)',           'Griff Oberwald' ),
( 'Sprint',               'Griff Oberwald' ),
( 'Sure Feet',            'Griff Oberwald' ),
( 'Block',                'Grim Ironjaw' ),
( 'Dauntless',            'Grim Ironjaw' ),
( 'Frenzy',               'Grim Ironjaw' ),
( 'Hatred (Big Guy)',     'Grim Ironjaw' ),
( 'Loner (4+)',           'Grim Ironjaw' ),
( 'Multiple Block',       'Grim Ironjaw' ),
( 'Thick Skull',          'Grim Ironjaw' ),
( 'Block',                'Grombrindal' ),
( 'Break Tackle',         'Grombrindal' ),
( 'Dauntless',            'Grombrindal' ),
( 'Loner (4+)',           'Grombrindal' ),
( 'Mighty Blow',          'Grombrindal' ),
( 'Stand Firm',           'Grombrindal' ),
( 'Sure Feet',            'Grombrindal' ),
( 'Thick Skull',          'Grombrindal' ),
( 'Foul Appearance',      'Guffle Pusmaw' ),
( 'Loner (4+)',           'Guffle Pusmaw' ),
( 'Monstrous Mouth',      'Guffle Pusmaw' ),
( 'Nerves of Steel',      'Guffle Pusmaw' ),
( 'On the Ball',          'Guffle Pusmaw' ),
( 'Plague Ridden',        'Guffle Pusmaw' ),
( 'Dodge',                'Hakflem Skuttlespike' ),
( 'Extra Arms',           'Hakflem Skuttlespike' ),
( 'Loner (4+)',           'Hakflem Skuttlespike' ),
( 'Prehensile Tail',      'Hakflem Skuttlespike' ),
( 'Two Heads',            'Hakflem Skuttlespike' ),
( 'Chainsaw',             'Helmut Wulf' ),
( 'Loner (4+)',           'Helmut Wulf' ),
( 'No Ball',              'Helmut Wulf' ),
( 'Pro',                  'Helmut Wulf' ),
( 'Secret Weapon',        'Helmut Wulf' ),
( 'Stand Firm',           'Helmut Wulf' ),
( 'Block',                'H''thark the Unstoppable' ),
( 'Break Tackle',         'H''thark the Unstoppable' ),
( 'Defensive',            'H''thark the Unstoppable' ),
( 'Juggernaut',           'H''thark the Unstoppable' ),
( 'Loner (4+)',           'H''thark the Unstoppable' ),
( 'Sprint',               'H''thark the Unstoppable' ),
( 'Sure Feet',            'H''thark the Unstoppable' ),
( 'Thick Skull',          'H''thark the Unstoppable' ),
( 'Unsteady',             'H''thark the Unstoppable' ),
( 'Block',                'Ivan ''the Animal'' Deathshroud' ),
( 'Disturbing Presence',  'Ivan ''the Animal'' Deathshroud' ),
( 'Hatred (Dwarf)',       'Ivan ''the Animal'' Deathshroud' ),
( 'Juggernaut',           'Ivan ''the Animal'' Deathshroud' ),
( 'Loner (4+)',           'Ivan ''the Animal'' Deathshroud' ),
( 'Regeneration',         'Ivan ''the Animal'' Deathshroud' ),
( 'Strip Ball',           'Ivan ''the Animal'' Deathshroud' ),
( 'Tackle',               'Ivan ''the Animal'' Deathshroud' ),
( 'Block',                'Ivar Eriksson' ),
( 'Guard',                'Ivar Eriksson' ),
( 'Loner (4+)',           'Ivar Eriksson' ),
( 'Tackle',               'Ivar Eriksson' ),
( 'Block',                'Jeremiah Kool' ),
( 'Dodge',                'Jeremiah Kool' ),
( 'Diving Catch',         'Jeremiah Kool' ),
( 'Dump-off',             'Jeremiah Kool' ),
( 'Loner (4+)',           'Jeremiah Kool' ),
( 'Nerves of Steel',      'Jeremiah Kool' ),
( 'On the Ball',          'Jeremiah Kool' ),
( 'Pass',                 'Jeremiah Kool' ),
( 'Sidestep',             'Jeremiah Kool' ),
( 'Block',                'Jordell Freshbreeze' ),
( 'Diving Catch',         'Jordell Freshbreeze' ),
( 'Dodge',                'Jordell Freshbreeze' ),
( 'Leap',                 'Jordell Freshbreeze' ),
( 'Loner (4+)',           'Jordell Freshbreeze' ),
( 'Sidestep',             'Jordell Freshbreeze' ),
( 'Steady Footing',       'Jordell Freshbreeze' ),
( 'Block',                'Josef Bugman' ),
( 'Drunkard',             'Josef Bugman' ),
( 'Fend',                 'Josef Bugman' ),
( 'Loner (3+)',           'Josef Bugman' ),
( 'Tackle',               'Josef Bugman' ),
( 'Taunt',                'Josef Bugman' ),
( 'Thick Skull',          'Josef Bugman' ),
( 'Block',                'Karla von Kill' ),
( 'Dauntless',            'Karla von Kill' ),
( 'Dodge',                'Karla von Kill' ),
( 'Jump Up',              'Karla von Kill' ),
( 'Loner (4+)',           'Karla von Kill' ),
( 'Disturbing Presence',  'Kiroth Krakeneye' ),
( 'Foul Appearance',      'Kiroth Krakeneye' ),
( 'Loner (4+)',           'Kiroth Krakeneye' ),
( 'On the Ball',          'Kiroth Krakeneye' ),
( 'Tackle',               'Kiroth Krakeneye' ),
( 'Tentacles',            'Kiroth Krakeneye' ),
( 'Ball & Chain',         'Kreek Rustgouger' ),
( 'Loner (4+)',           'Kreek Rustgouger' ),
( 'Mighty Blow',          'Kreek Rustgouger' ),
( 'No Ball',              'Kreek Rustgouger' ),
( 'Prehensile Tail',      'Kreek Rustgouger' ),
( 'Secret Weapon',        'Kreek Rustgouger' ),
( 'Block',                'Lord Borak the Despoiler' ),
( 'Dirty Player',         'Lord Borak the Despoiler' ),
( 'Leader',               'Lord Borak the Despoiler' ),
( 'Loner (3+)',           'Lord Borak the Despoiler' ),
( 'Mighty Blow',          'Lord Borak the Despoiler' ),
( 'Put the Boot In',      'Lord Borak the Despoiler' ),
( 'Sneaky Git',           'Lord Borak the Despoiler' ),
( 'Brawler',              'Maple Highgrove' ),
( 'Grab',                 'Maple Highgrove' ),
( 'Loner (4+)',           'Maple Highgrove' ),
( 'Mighty Blow',          'Maple Highgrove' ),
( 'Stand Firm',           'Maple Highgrove' ),
( 'Tentacles',            'Maple Highgrove' ),
( 'Thick Skull',          'Maple Highgrove' ),
( 'Chainsaw',             'Max Spleenripper' ),
( 'Loner (4+)',           'Max Spleenripper' ),
( 'No Ball',              'Max Spleenripper' ),
( 'Secret Weapon',        'Max Spleenripper' ),
( 'Block',                'Morg ''n'' Thorg' ),
( 'Bullseye',             'Morg ''n'' Thorg' ),
( 'Hatred (Undead)',      'Morg ''n'' Thorg' ),
( 'Loner (4+)',           'Morg ''n'' Thorg' ),
( 'Mighty Blow',          'Morg ''n'' Thorg' ),
( 'Thick Skull',          'Morg ''n'' Thorg' ),
( 'Throw Team-mate',      'Morg ''n'' Thorg' ),
( 'Block',                'Nobbla Blackwart' ),
( 'Chainsaw',             'Nobbla Blackwart' ),
( 'Dodge',                'Nobbla Blackwart' ),
( 'Loner (4+)',           'Nobbla Blackwart' ),
( 'No Ball',              'Nobbla Blackwart' ),
( 'Saboteur',             'Nobbla Blackwart' ),
( 'Secret Weapon',        'Nobbla Blackwart' ),
( 'Stunty',               'Nobbla Blackwart' ),
( 'Block',                'Puggy Baconbreath' ),
( 'Dodge',                'Puggy Baconbreath' ),
( 'Loner (3+)',           'Puggy Baconbreath' ),
( 'Nerves of Steel',      'Puggy Baconbreath' ),
( 'Right Stuff',          'Puggy Baconbreath' ),
( 'Stunty',               'Puggy Baconbreath' ),
( 'Loner (4+)',           'Rashnak Backstabber' ),
( 'Shadowing',            'Rashnak Backstabber' ),
( 'Sidestep',             'Rashnak Backstabber' ),
( 'Sneaky Git',           'Rashnak Backstabber' ),
( 'Stab',                 'Rashnak Backstabber' ),
( 'Bullseye',             'Ripper Bolgrot' ),
( 'Grab',                 'Ripper Bolgrot' ),
( 'Loner (4+)',           'Ripper Bolgrot' ),
( 'Mighty Blow',          'Ripper Bolgrot' ),
( 'Regeneration',         'Ripper Bolgrot' ),
( 'Throw Team-mate',      'Ripper Bolgrot' ),
( 'Catch',                'Rodney Roachbait' ),
( 'Diving Catch',         'Rodney Roachbait' ),
( 'Jump Up',              'Rodney Roachbait' ),
( 'Loner (4+)',           'Rodney Roachbait' ),
( 'On the Ball',          'Rodney Roachbait' ),
( 'Sidestep',             'Rodney Roachbait' ),
( 'Stunty',               'Rodney Roachbait' ),
( 'Wrestle',              'Rodney Roachbait' ),
( 'Dodge',                'Rowana Forestfoot' ),
( 'Dump-off',             'Rowana Forestfoot' ),
( 'Guard',                'Rowana Forestfoot' ),
( 'Horns',                'Rowana Forestfoot' ),
( 'Jump Up',              'Rowana Forestfoot' ),
( 'Leap',                 'Rowana Forestfoot' ),
( 'Loner (4+)',           'Rowana Forestfoot' ),
( 'Dodge',                'Roxanna Darknail' ),
( 'Frenzy',               'Roxanna Darknail' ),
( 'Jump Up',              'Roxanna Darknail' ),
( 'Juggernaut',           'Roxanna Darknail' ),
( 'Leap',                 'Roxanna Darknail' ),
( 'Loner (4+)',           'Roxanna Darknail' ),
( 'Block',                'Rumbelow Sheepskin' ),
( 'Horns',                'Rumbelow Sheepskin' ),
( 'Juggernaut',           'Rumbelow Sheepskin' ),
( 'Loner (4+)',           'Rumbelow Sheepskin' ),
( 'Tackle',               'Rumbelow Sheepskin' ),
( 'Thick Skull',          'Rumbelow Sheepskin' ),
( 'Dirty Player',         'Scrappa Sorehead' ),
( 'Dodge',                'Scrappa Sorehead' ),
( 'Loner (4+)',           'Scrappa Sorehead' ),
( 'Pogo',                 'Scrappa Sorehead' ),
( 'Right Stuff',          'Scrappa Sorehead' ),
( 'Sprint',               'Scrappa Sorehead' ),
( 'Stunty',               'Scrappa Sorehead' ),
( 'Sure Feet',            'Scrappa Sorehead' ),
( 'Claws',                'Scyla Anfingrimm' ),
( 'Frenzy',               'Scyla Anfingrimm' ),
( 'Loner (4+)',           'Scyla Anfingrimm' ),
( 'Mighty Blow',          'Scyla Anfingrimm' ),
( 'Prehensile Tail',      'Scyla Anfingrimm' ),
( 'Thick Skull',          'Scyla Anfingrimm' ),
( 'Unchannelled Fury',    'Scyla Anfingrimm' ),
( 'Dodge',                'Skitter Stab-stab' ),
( 'Loner (4+)',           'Skitter Stab-stab' ),
( 'Prehensile Tail',      'Skitter Stab-stab' ),
( 'Shadowing',            'Skitter Stab-stab' ),
( 'Stab',                 'Skitter Stab-stab' ),
( 'Block',                'Skrorg Snowpelt' ),
( 'Claws',                'Skrorg Snowpelt' ),
( 'Disturbing Presence',  'Skrorg Snowpelt' ),
( 'Juggernaut',           'Skrorg Snowpelt' ),
( 'Loner (4+)',           'Skrorg Snowpelt' ),
( 'Mighty Blow',          'Skrorg Snowpelt' ),
( 'Accurate',             'Skrull Halfheight' ),
( 'Loner (4+)',           'Skrull Halfheight' ),
( 'Nerves of Steel',      'Skrull Halfheight' ),
( 'Pass',                 'Skrull Halfheight' ),
( 'Regeneration',         'Skrull Halfheight' ),
( 'Sure Hands',           'Skrull Halfheight' ),
( 'Thick Skull',          'Skrull Halfheight' ),
( 'Disturbing Presence',  'Swiftvine Glimmershard' ),
( 'Fend',                 'Swiftvine Glimmershard' ),
( 'Loner (4+)',           'Swiftvine Glimmershard' ),
( 'Sidestep',             'Swiftvine Glimmershard' ),
( 'Stab',                 'Swiftvine Glimmershard' ),
( 'Stunty',               'Swiftvine Glimmershard' ),
( 'Bombardier',           'The Black Gobbo' ),
( 'Disturbing Presence',  'The Black Gobbo' ),
( 'Dodge',                'The Black Gobbo' ),
( 'Loner (3+)',           'The Black Gobbo' ),
( 'Sidestep',             'The Black Gobbo' ),
( 'Sneaky Git',           'The Black Gobbo' ),
( 'Stab',                 'The Black Gobbo' ),
( 'Block',                'The Mighty Zug' ),
( 'Loner (4+)',           'The Mighty Zug' ),
( 'Mighty Blow',          'The Mighty Zug' ),
( 'Unsteady',             'The Mighty Zug' ),
( 'Block',                'Thorsson Stoutmead' ),
( 'Drunkard',             'Thorsson Stoutmead' ),
( 'Loner (4+)',           'Thorsson Stoutmead' ),
( 'Thick Skull',          'Thorsson Stoutmead' ),
( 'Block',                'Varag Ghoul-Chewer' ),
( 'Hatred (Undead)',      'Varag Ghoul-Chewer' ),
( 'Jump Up',              'Varag Ghoul-Chewer' ),
( 'Loner (4+)',           'Varag Ghoul-Chewer' ),
( 'Mighty Blow',          'Varag Ghoul-Chewer' ),
( 'Thick Skull',          'Varag Ghoul-Chewer' ),
( 'Unsteady',             'Varag Ghoul-Chewer' ),
( 'Catch',                'Wilhelm Chaney' ),
( 'Claws',                'Wilhelm Chaney' ),
( 'Frenzy',               'Wilhelm Chaney' ),
( 'Loner (4+)',           'Wilhelm Chaney' ),
( 'Regeneration',         'Wilhelm Chaney' ),
( 'Wrestle',              'Wilhelm Chaney' ),
( 'Dauntless',            'Willow Rosebark' ),
( 'Loner (4+)',           'Willow Rosebark' ),
( 'Sidestep',             'Willow Rosebark' ),
( 'Thick Skull',          'Willow Rosebark' ),
( 'Foul Appearance',      'Withergrasp Doubledrool' ),
( 'Loner (4+)',           'Withergrasp Doubledrool' ),
( 'Prehensile Tail',      'Withergrasp Doubledrool' ),
( 'Tackle',               'Withergrasp Doubledrool' ),
( 'Tentacles',            'Withergrasp Doubledrool' ),
( 'Two Heads',            'Withergrasp Doubledrool' ),
( 'Wrestle',              'Withergrasp Doubledrool' ),
( 'Disturbing Presence',  'Zolcath the Zoat' ),
( 'Juggernaut',           'Zolcath the Zoat' ),
( 'Loner (4+)',           'Zolcath the Zoat' ),
( 'Mighty Blow',          'Zolcath the Zoat' ),
( 'Prehensile Tail',      'Zolcath the Zoat' ),
( 'Regeneration',         'Zolcath the Zoat' ),
( 'Sure Feet',            'Zolcath the Zoat' ),
( 'Cannoneer',            'Zzharg Madeye' ),
( 'Hail Mary Pass',       'Zzharg Madeye' ),
( 'Loner (4+)',           'Zzharg Madeye' ),
( 'Nerves of Steel',      'Zzharg Madeye' ),
( 'Secret Weapon',        'Zzharg Madeye' ),
( 'Thick Skull',          'Zzharg Madeye' ),
( 'Bone Head',            'Grak' ),
( 'Kick Team-mate',       'Grak' ),
( 'Loner (4+)',           'Grak' ),
( 'Mighty Blow',          'Grak' ),
( 'Thick Skull',          'Grak' ),
( 'Bone Head',            'Crumbleberry' ),
( 'Kick Team-mate',       'Crumbleberry' ),
( 'Loner (4+)',           'Crumbleberry' ),
( 'Mighty Blow',          'Crumbleberry' ),
( 'Thick Skull',          'Crumbleberry' ),
( 'Dirty Player',         'Dribl' ),
( 'Dodge',                'Dribl' ),
( 'Loner (4+)',           'Dribl' ),
( 'Quick Foul',           'Dribl' ),
( 'Sidestep',             'Dribl' ),
( 'Sneaky Git',           'Dribl' ),
( 'Stunty',               'Dribl' ),
( 'Dodge',                'Drull' ),
( 'Loner (4+)',           'Drull' ),
( 'Sidestep',             'Drull' ),
( 'Stab',                 'Drull' ),
( 'Stunty',               'Drull' ),
( 'Block',                'Lucien Swift' ),
( 'Loner (4+)',           'Lucien Swift' ),
( 'Mighty Blow',          'Lucien Swift' ),
( 'Tackle',               'Lucien Swift' ),
( 'Accurate',             'Valen Swift' ),
( 'Loner (4+)',           'Valen Swift' ),
( 'Nerves of Steel',      'Valen Swift' ),
( 'Pass',                 'Valen Swift' ),
( 'Safe Pass',            'Valen Swift' ),
( 'Sure Hands',           'Valen Swift' )
;

-- KEYWORD TO STAR PLAYER
INSERT INTO public.keyword_to_star_player (keyword_name, star_player_name) VALUES
( 'Blitzer',    'Akhorne The Squirrel' ),
( 'Squirrel',   'Akhorne The Squirrel' ),
( 'Blocker',    'Anqi Panqi' ),
( 'Lizardman',  'Anqi Panqi' ),
( 'Dwarf',      'Barik Farblast' ),
( 'Thrower',    'Barik Farblast' ),
( 'Blocker',    'Bilerot Vomitflesh' ),
( 'Human',      'Bilerot Vomitflesh' ),
( 'Runner',     'Boa Kon''ssstriktr' ),
( 'Snakeman',   'Boa Kon''ssstriktr' ),
( 'Goblin',     'Bomber Dribblesnot' ),
( 'Special',    'Bomber Dribblesnot' ),
( 'Runner',     'Captain Karina von Riesz' ),
( 'Vampire',    'Captain Karina von Riesz' ),
( 'Halfling',   'Cindy Piewhistle' ),
( 'Special',    'Cindy Piewhistle' ),
( 'Blocker',    'Count Luthor von Drakenborg' ),
( 'Vampire',    'Count Luthor von Drakenborg' ),
( 'Big Guy',    'Deeproot Strongbranch' ),
( 'Treeman',    'Deeproot Strongbranch' ),
( 'Catcher',    'Eldril Sidewinder' ),
( 'Elf',        'Eldril Sidewinder' ),
( 'Human',      'Estelle la Veneaux' ),
( 'Lineman',    'Estelle la Veneaux' ),
( 'Goblin',     'Fungus the Loon' ),
( 'Special',    'Fungus the Loon' ),
( 'Blocker',    'Glart Smashrip' ),
( 'Skaven',     'Glart Smashrip' ),
( 'Elf',        'Gloriel Summerbloom' ),
( 'Thrower',    'Gloriel Summerbloom' ),
( 'Big Guy',    'Glotl Stop' ),
( 'Lizardman',  'Glotl Stop' ),
( 'Big Guy',    'Grashnak Blackhoof' ),
( 'Minotaur',   'Grashnak Blackhoof' ),
( 'Special',    'Gretchen Wächter' ),
( 'Undead',     'Gretchen Wächter' ),
( 'Wraith',     'Gretchen Wächter' ),
( 'Blitzer',    'Griff Oberwald' ),
( 'Human',      'Griff Oberwald' ),
( 'Dwarf',      'Grim Ironjaw' ),
( 'Special',    'Grim Ironjaw' ),
( 'Blocker',    'Grombrindal' ),
( 'Dwarf',      'Grombrindal' ),
( 'Blocker',    'Guffle Pusmaw' ),
( 'Human',      'Guffle Pusmaw' ),
( 'Runner',     'Hakflem Skuttlespike' ),
( 'Skaven',     'Hakflem Skuttlespike' ),
( 'Human',      'Helmut Wulf' ),
( 'Special',    'Helmut Wulf' ),
( 'Blitzer',    'H''thark the Unstoppable' ),
( 'Dwarf',      'H''thark the Unstoppable' ),
( 'Blitzer',    'Ivan ''the Animal'' Deathshroud' ),
( 'Human',      'Ivan ''the Animal'' Deathshroud' ),
( 'Skeleton',   'Ivan ''the Animal'' Deathshroud' ),
( 'Undead',     'Ivan ''the Animal'' Deathshroud' ),
( 'Blitzer',    'Ivar Eriksson' ),
( 'Human',      'Ivar Eriksson' ),
( 'Elf',        'Jeremiah Kool' ),
( 'Runner',     'Jeremiah Kool' ),
( 'Blitzer',    'Jordell Freshbreeze' ),
( 'Elf',        'Jordell Freshbreeze' ),
( 'Blocker',    'Josef Bugman' ),
( 'Dwarf',      'Josef Bugman' ),
( 'Blitzer',    'Karla von Kill' ),
( 'Human',      'Karla von Kill' ),
( 'Elf',        'Kiroth Krakeneye' ),
( 'Runner',     'Kiroth Krakeneye' ),
( 'Big Guy',    'Kreek Rustgouger' ),
( 'Skaven',     'Kreek Rustgouger' ),
( 'Special',    'Kreek Rustgouger' ),
( 'Blocker',    'Lord Borak the Despoiler' ),
( 'Human',      'Lord Borak the Despoiler' ),
( 'Big Guy',    'Maple Highgrove' ),
( 'Treeman',    'Maple Highgrove' ),
( 'Human',      'Max Spleenripper' ),
( 'Special',    'Max Spleenripper' ),
( 'Big Guy',    'Morg ''n'' Thorg' ),
( 'Ogre',       'Morg ''n'' Thorg' ),
( 'Goblin',     'Nobbla Blackwart' ),
( 'Special',    'Nobbla Blackwart' ),
( 'Blitzer',    'Puggy Baconbreath' ),
( 'Halfling',   'Puggy Baconbreath' ),
( 'Goblin',     'Rashnak Backstabber' ),
( 'Special',    'Rashnak Backstabber' ),
( 'Big Guy',    'Ripper Bolgrot' ),
( 'Troll',      'Ripper Bolgrot' ),
( 'Gnome',      'Rodney Roachbait' ),
( 'Special',    'Rodney Roachbait' ),
( 'Blocker',    'Rowana Forestfoot' ),
( 'Gnome',      'Rowana Forestfoot' ),
( 'Elf',        'Roxanna Darknail' ),
( 'Special',    'Roxanna Darknail' ),
( 'Blitzer',    'Rumbelow Sheepskin' ),
( 'Halfling',   'Rumbelow Sheepskin' ),
( 'Goblin',     'Scrappa Sorehead' ),
( 'Special',    'Scrappa Sorehead' ),
( 'Big Guy',    'Scyla Anfingrimm' ),
( 'Spawn',      'Scyla Anfingrimm' ),
( 'Runner',     'Skitter Stab-stab' ),
( 'Skaven',     'Skitter Stab-stab' ),
( 'Big Guy',    'Skrorg Snowpelt' ),
( 'Yhetee',     'Skrorg Snowpelt' ),
( 'Dwarf',      'Skrull Halfheight' ),
( 'Skeleton',   'Skrull Halfheight' ),
( 'Thrower',    'Skrull Halfheight' ),
( 'Undead',     'Skrull Halfheight' ),
( 'Special',    'Swiftvine Glimmershard' ),
( 'Sprite',     'Swiftvine Glimmershard' ),
( 'Goblin',     'The Black Gobbo' ),
( 'Special',    'The Black Gobbo' ),
( 'Blocker',    'The Mighty Zug' ),
( 'Human',      'The Mighty Zug' ),
( 'Human',      'Thorsson Stoutmead' ),
( 'Lineman',    'Thorsson Stoutmead' ),
( 'Blocker',    'Varag Ghoul-Chewer' ),
( 'Orc',        'Varag Ghoul-Chewer' ),
( 'Blitzer',    'Wilhelm Chaney' ),
( 'Undead',     'Wilhelm Chaney' ),
( 'Werewolf',   'Wilhelm Chaney' ),
( 'Blitzer',    'Willow Rosebark' ),
( 'Dryad',      'Willow Rosebark' ),
( 'Beastman',   'Withergrasp Doubledrool' ),
( 'Blocker',    'Withergrasp Doubledrool' ),
( 'Big Guy',    'Zolcath the Zoat' ),
( 'Zoat',       'Zolcath the Zoat' ),
( 'Dwarf',      'Zzharg Madeye' ),
( 'Special',    'Zzharg Madeye' ),
( 'Big Guy',    'Grak' ),
( 'Ogre',       'Grak' ),
( 'Halfling',   'Crumbleberry' ),
( 'Lineman',    'Crumbleberry' ),
( 'Skink',      'Dribl' ),
( 'Special',    'Dribl' ),
( 'Skink',      'Drull' ),
( 'Special',    'Drull' ),
( 'Blitzer',    'Lucien Swift' ),
( 'Elf',        'Lucien Swift' ),
( 'Elf',        'Valen Swift' ),
( 'Thrower',    'Valen Swift' )
;

-- SPECIAL RULE TO STAR PLAYER
INSERT INTO public.sr_to_sp (star_player_name, special_rule_name) VALUES
( 'Akhorne The Squirrel',             'Badlands Brawl' ),
( 'Akhorne The Squirrel',             'Chaos Clash' ),
( 'Akhorne The Squirrel',             'Elven Kingdoms League' ),
( 'Akhorne The Squirrel',             'Halfling Thimble Cup' ),
( 'Akhorne The Squirrel',             'Lustrian Superleague' ),
( 'Akhorne The Squirrel',             'Old World Classic' ),
( 'Akhorne The Squirrel',             'Sylvanian Spotlight' ),
( 'Akhorne The Squirrel',             'Underworld Challenge' ),
( 'Akhorne The Squirrel',             'Woodland League' ),
( 'Akhorne The Squirrel',             'Worlds Edge Superleague' ),
( 'Anqi Panqi',                       'Lustrian Superleague' ),
( 'Barik Farblast',                   'Old World Classic' ),
( 'Barik Farblast',                   'Worlds Edge Superleague' ),
( 'Bilerot Vomitflesh',               'Favoured of Nurgle' ),
( 'Boa Kon''ssstriktr',               'Lustrian Superleague' ),
( 'Bomber Dribblesnot',               'Badlands Brawl' ),
( 'Bomber Dribblesnot',               'Underworld Challenge' ),
( 'Captain Karina von Riesz',         'Sylvanian Spotlight' ),
( 'Cindy Piewhistle',                 'Halfling Thimble Cup' ),
( 'Cindy Piewhistle',                 'Old World Classic' ),
( 'Count Luthor von Drakenborg',      'Sylvanian Spotlight' ),
( 'Crumbleberry',                     'Badlands Brawl' ),
( 'Crumbleberry',                     'Chaos Clash' ),
( 'Crumbleberry',                     'Elven Kingdoms League' ),
( 'Crumbleberry',                     'Halfling Thimble Cup' ),
( 'Crumbleberry',                     'Lustrian Superleague' ),
( 'Crumbleberry',                     'Old World Classic' ),
( 'Crumbleberry',                     'Sylvanian Spotlight' ),
( 'Crumbleberry',                     'Underworld Challenge' ),
( 'Crumbleberry',                     'Woodland League' ),
( 'Crumbleberry',                     'Worlds Edge Superleague' ),
( 'Deeproot Strongbranch',            'Woodland League' ),
( 'Dribl',                            'Lustrian Superleague' ),
( 'Drull',                            'Lustrian Superleague' ),
( 'Eldril Sidewinder',                'Elven Kingdoms League' ),
( 'Estelle la Veneaux',               'Lustrian Superleague' ),
( 'Fungus the Loon',                  'Badlands Brawl' ),
( 'Fungus the Loon',                  'Underworld Challenge' ),
( 'Glart Smashrip',                   'Underworld Challenge' ),
( 'Gloriel Summerbloom',              'Elven Kingdoms League' ),
( 'Glotl Stop',                       'Lustrian Superleague' ),
( 'Grak',                             'Badlands Brawl' ),
( 'Grak',                             'Chaos Clash' ),
( 'Grak',                             'Elven Kingdoms League' ),
( 'Grak',                             'Halfling Thimble Cup' ),
( 'Grak',                             'Lustrian Superleague' ),
( 'Grak',                             'Old World Classic' ),
( 'Grak',                             'Sylvanian Spotlight' ),
( 'Grak',                             'Underworld Challenge' ),
( 'Grak',                             'Woodland League' ),
( 'Grak',                             'Worlds Edge Superleague' ),
( 'Grashnak Blackhoof',               'Chaos Clash' ),
( 'Gretchen Wächter',                 'Sylvanian Spotlight' ),
( 'Griff Oberwald',                   'Old World Classic' ),
( 'Grim Ironjaw',                     'Worlds Edge Superleague' ),
( 'Grombrindal',                      'Halfling Thimble Cup' ),
( 'Grombrindal',                      'Old World Classic' ),
( 'Grombrindal',                      'Worlds Edge Superleague' ),
( 'Guffle Pusmaw',                    'Favoured of Nurgle' ),
( 'Hakflem Skuttlespike',             'Underworld Challenge' ),
( 'Helmut Wulf',                      'Old World Classic' ),
( 'H''thark the Unstoppable',         'Badlands Brawl' ),
( 'H''thark the Unstoppable',         'Favoured of Hashut' ),
( 'Ivan ''the Animal'' Deathshroud',  'Sylvanian Spotlight' ),
( 'Ivar Eriksson',                    'Old World Classic' ),
( 'Jeremiah Kool',                    'Elven Kingdoms League' ),
( 'Jordell Freshbreeze',              'Elven Kingdoms League' ),
( 'Jordell Freshbreeze',              'Woodland League' ),
( 'Josef Bugman',                     'Old World Classic' ),
( 'Josef Bugman',                     'Worlds Edge Superleague' ),
( 'Karla von Kill',                   'Lustrian Superleague' ),
( 'Karla von Kill',                   'Old World Classic' ),
( 'Kiroth Krakeneye',                 'Elven Kingdoms League' ),
( 'Kreek Rustgouger',                 'Underworld Challenge' ),
( 'Lord Borak the Despoiler',         'Chaos Clash' ),
( 'Lucien Swift',                     'Elven Kingdoms League' ),
( 'Maple Highgrove',                  'Woodland League' ),
( 'Max Spleenripper',                 'Favoured of Khorne' ),
( 'Morg ''n'' Thorg',                 'Badlands Brawl' ),
( 'Morg ''n'' Thorg',                 'Chaos Clash' ),
( 'Morg ''n'' Thorg',                 'Elven Kingdoms League' ),
( 'Morg ''n'' Thorg',                 'Halfling Thimble Cup' ),
( 'Morg ''n'' Thorg',                 'Lustrian Superleague' ),
( 'Morg ''n'' Thorg',                 'Old World Classic' ),
( 'Morg ''n'' Thorg',                 'Sylvanian Spotlight' ),
( 'Morg ''n'' Thorg',                 'Underworld Challenge' ),
( 'Morg ''n'' Thorg',                 'Woodland League' ),
( 'Morg ''n'' Thorg',                 'Worlds Edge Superleague' ),
( 'Nobbla Blackwart',                 'Badlands Brawl' ),
( 'Nobbla Blackwart',                 'Underworld Challenge' ),
( 'Puggy Baconbreath',                'Halfling Thimble Cup' ),
( 'Puggy Baconbreath',                'Old World Classic' ),
( 'Rashnak Backstabber',              'Badlands Brawl' ),
( 'Ripper Bolgrot',                   'Badlands Brawl' ),
( 'Ripper Bolgrot',                   'Underworld Challenge' ),
( 'Rodney Roachbait',                 'Woodland League' ),
( 'Rowana Forestfoot',                'Woodland League' ),
( 'Roxanna Darknail',                 'Elven Kingdoms League' ),
( 'Rumbelow Sheepskin',               'Halfling Thimble Cup' ),
( 'Scrappa Sorehead',                 'Badlands Brawl' ),
( 'Scrappa Sorehead',                 'Underworld Challenge' ),
( 'Scyla Anfingrimm',                 'Favoured of Khorne' ),
( 'Skitter Stab-stab',                'Underworld Challenge' ),
( 'Skrorg Snowpelt',                  'Old World Classic' ),
( 'Skrorg Snowpelt',                  'Worlds Edge Superleague' ),
( 'Skrull Halfheight',                'Sylvanian Spotlight' ),
( 'Skrull Halfheight',                'Worlds Edge Superleague' ),
( 'Swiftvine Glimmershard',           'Woodland League' ),
( 'The Black Gobbo',                  'Badlands Brawl' ),
( 'The Black Gobbo',                  'Underworld Challenge' ),
( 'The Mighty Zug',                   'Old World Classic' ),
( 'The Mighty Zug',                   'Worlds Edge Superleague' ),
( 'Thorsson Stoutmead',               'Old World Classic' ),
( 'Thorsson Stoutmead',               'Worlds Edge Superleague' ),
( 'Valen Swift',                      'Elven Kingdoms League' ),
( 'Varag Ghoul-Chewer',               'Badlands Brawl' ),
( 'Wilhelm Chaney',                   'Sylvanian Spotlight' ),
( 'Willow Rosebark',                  'Woodland League' ),
( 'Withergrasp Doubledrool',          'Favoured of Nurgle' ),
( 'Zolcath the Zoat',                 'Elven Kingdoms League' ),
( 'Zolcath the Zoat',                 'Lustrian Superleague' ),
( 'Zzharg Madeye',                    'Favoured of Hashut' )
;
